lei,lou_prefix,entity_id
LXHP00SSVI3385722563,LXHP,SSVI33857225
PQGZ00MTYU8988144244,PQGZ,MTYU89881442
WRDU00OUTY3472857159,WRDU,OUTY34728571
BBQV00ONSL9864800479,BBQV,ONSL98648004
LRFP00TSTD7119801202,LRFP,TSTD71198012
UQQT00YQEJ0638275136,UQQT,YQEJ06382751
RKLO00XLLW7576353090,RKLO,XLLW75763530
LPSV00XNUT1436143554,LPSV,XNUT14361435
DPKU00KXHQ8351201137,DPKU,KXHQ83512011
QXEW00QPTT8506896859,QXEW,QPTT85068968
ERJE00YNZQ8747452895,ERJE,YNZQ87474528
KQCO00UZAH3185783447,KQCO,UZAH31857834
UFTF00RPYV0277826523,UFTF,RPYV02778265
KYRG00XLSX7258878955,KYRG,XLSX72588789
TVOQ00BJVL6568639697,TVOQ,BJVL65686396
UEHI00QUNB2049414860,UEHI,QUNB20494148
MPWX00SYQJ5688092813,MPWX,SYQJ56880928
NCDR00PENV3709783873,NCDR,PENV37097838
AWSZ00RMYI6580807241,AWSZ,RMYI65808072
ASNX00GSMA7963041805,ASNX,GSMA79630418
LQWT00BXIB1386322179,LQWT,BXIB13863221
TQUF00XNKK6249791533,TQUF,XNKK62497915
NWRO00MUYO3016024860,NWRO,MUYO30160248
OHBB00YNUI1245026256,OHBB,YNUI12450262
LFCC00CGXQ4685831964,LFCC,CGXQ46858319
RMIX00KLTI5755495252,RMIX,KLTI57554952
FMTB00RRAR8686113480,FMTB,RRAR86861134
JTYT00HZFT7696651197,JTYT,HZFT76966511
NEYV00MQIJ7980252332,NEYV,MQIJ79802523
PEEM00HUJR5441169346,PEEM,HUJR54411693
AYBS00LZTX4782098298,AYBS,LZTX47820982
IDFW00EUGG0833641822,IDFW,EUGG08336418
LGPO00EBMA4837012677,LGPO,EBMA48370126
WJUP00IRYT2293404476,WJUP,IRYT22934044
BIYT00RRIW7020505032,BIYT,RRIW70205050
FWBF00OHFR6428755253,FWBF,OHFR64287552
WBNL00NVKJ4911496448,WBNL,NVKJ49114964
CXQC00VFYV0614988898,CXQC,VFYV06149888
LSJV00CKMC8806725489,LSJV,CKMC88067254
DUAP00VCHK4418427797,DUAP,VCHK44184277
XLQU00XHMN6488639198,XLQU,XHMN64886391
QBXM00PWJQ5240147846,QBXM,PWJQ52401478
QETL00USHR0535684607,QETL,USHR05356846
RSES00KUZK9488808858,RSES,KUZK94888088
KPLT00NRRK0102335056,KPLT,NRRK01023350
JCFB00EJUU0859933961,JCFB,EJUU08599339
OHRS00MULN4297637794,OHRS,MULN42976377
YBAO00HEEE0655048003,YBAO,HEEE06550480
BJJO00RIRS2037957554,BJJO,RIRS20379575
LWUU00NOHN6816086506,LWUU,NOHN68160865
VTRP00ITUY0870229090,VTRP,ITUY08702290
LBDR00CXMH2182402757,LBDR,CXMH21824027
REVS00TDGT0504478275,REVS,TDGT05044782
DGVO00RREZ2181899524,DGVO,RREZ21818995
YVVV00GUFD1812450911,YVVV,GUFD18124509
QNEM00OTHA2600469484,QNEM,OTHA26004694
HELW00BHSL3078128635,HELW,BHSL30781286
LRIU00ANKF8259294828,LRIU,ANKF82592948
IYEW00YXXK5510726597,IYEW,YXXK55107265
NGTU00ZDQY5757467416,NGTU,ZDQY57574674
RAYG00LYBA7460098128,RAYG,LYBA74600981
KKKK00CAQT4154144772,KKKK,CAQT41541447
UFOZ00GGJN4699734479,UFOZ,GGJN46997344
YILQ00VIOC1715175453,YILQ,VIOC17151754
RHHY00QQKT1103206558,RHHY,QQKT11032065
NIYN00DBHM5994204868,NIYN,DBHM59942048
QKAW00FABA9176055257,QKAW,FABA91760552
NVJD00PAYZ9714974992,NVJD,PAYZ97149749
DWLW00XOBZ7601985454,DWLW,XOBZ76019854
ZVDQ00LQGM1825436302,ZVDQ,LQGM18254363
CVEO00EUOC8367636689,CVEO,EUOC83676366
OXCA00XCQL0229861632,OXCA,XCQL02298616
HRXE00DGSH2070889141,HRXE,DGSH20708891
JWPR00MOUT1601123918,JWPR,MOUT16011239
VJYP00BVXU8192952681,VJYP,BVXU81929526
GROU00TPYH7244660238,GROU,TPYH72446602
ZEZI00BENJ0889607302,ZEZI,BENJ08896073
IMBH00EPFA2685616130,IMBH,EPFA26856161
QNIQ00QOSX8866383249,QNIQ,QOSX88663832
FTBW00HTRK2336073809,FTBW,HTRK23360738
BCXY00KRCB8205662217,BCXY,KRCB82056622
RJOT00WWGW5748207228,RJOT,WWGW57482072
ZSVN00TJUD8868648689,ZSVN,TJUD88686486
ZLKN00SOVM5635947934,ZLKN,SOVM56359479
STAJ00QQNQ0074432460,STAJ,QQNQ00744324
FFDG00JUVV3356189335,FFDG,JUVV33561893
BUBQ00OWDR0162932329,BUBQ,OWDR01629323
ESFP00BXEN4455209739,ESFP,BXEN44552097
IBZD00ZOZT0047148477,IBZD,ZOZT00471484
HGEE00RPGZ2160940704,HGEE,RPGZ21609407
SZOR00XNWJ1717319888,SZOR,XNWJ17173198
AZWF00RAXD8675450587,AZWF,RAXD86754505
ZSSS00JVLF4947660318,ZSSS,JVLF49476603
TAGP00USIU5968578505,TAGP,USIU59685785
SHPM00OKQV6369483814,SHPM,OKQV63694838
VMXD00NUDR8917642947,VMXD,NUDR89176429
ZFFW00CAYR0559150484,ZFFW,CAYR05591504
PZZE00SCXW0315052874,PZZE,SCXW03150528
SKWY00FNAO0420340996,SKWY,FNAO04203409
RHQR00SLBV2984746213,RHQR,SLBV29847462
XDXW00DAYV0395952338,XDXW,DAYV03959523
WBNC00AJFT5246587135,WBNC,AJFT52465871
SGRT00PRXD2801667548,SGRT,PRXD28016675
JMSD00RJYX5507501511,JMSD,RJYX55075015
UZKO00CUZY8677093665,UZKO,CUZY86770936
YRCQ00LTZM5043575934,YRCQ,LTZM50435759
MUDD00UDLU3045591003,MUDD,UDLU30455910
TJGU00ANFR5267298561,TJGU,ANFR52672985
FCCO00TIJD2107091914,FCCO,TIJD21070919
PRLJ00RWZB8856410215,PRLJ,RWZB88564102
YXUG00HKFH5089208086,YXUG,HKFH50892080
HPMS00ZHPY1211127623,HPMS,ZHPY12111276
GFHA00NJMV6873354749,GFHA,NJMV68733547
SIAA00MVLX2383265803,SIAA,MVLX23832658
KGJF00MOUH0612784971,KGJF,MOUH06127849
TTAS00TVUH4300741685,TTAS,TVUH43007416
ANKG00ZPGR8832141574,ANKG,ZPGR88321415
QJPC00QGAB3116980488,QJPC,QGAB31169804
LYKV00NJKT5460871224,LYKV,NJKT54608712
QYZH00NGZZ9456169105,QYZH,NGZZ94561691
LZFZ00ZFTY1782536441,LZFZ,ZFTY17825364
XMDW00YDBS3392454368,XMDW,YDBS33924543
ZBNL00TBIQ6601315952,ZBNL,TBIQ66013159
NLRN00EKOL0253790344,NLRN,EKOL02537903
BKLC00GUMK5313215985,BKLC,GUMK53132159
ZMPP00FFQJ1298332368,ZMPP,FFQJ12983323
HQVJ00EOFH9434919739,HQVJ,EOFH94349197
HJWY00TYRA5842392447,HJWY,TYRA58423924
FGUD00NPAF9928039457,FGUD,NPAF99280394
KRNA00GOQF1187250218,KRNA,GOQF11872502
IEZL00FKTS9343213242,IEZL,FKTS93432132
OBOH00HIOY7516226740,OBOH,HIOY75162267
XXNL00UWDG8155313390,XXNL,UWDG81553133
XVWI00WZCU6982589308,XVWI,WZCU69825893
DUQL00VUAD4633249933,DUQL,VUAD46332499
MMZW00MMCC5706925503,MMZW,MMCC57069255
EHUN00RMUM0386523223,EHUN,RMUM03865232
KOFG00DDUC6173605567,KOFG,DDUC61736055
CUAC00GPPS3163263746,CUAC,GPPS31632637
XKFN00FHRM8854390367,XKFN,FHRM88543903
OEPY00XLNU5460995910,OEPY,XLNU54609959
HZXJ00UBCP3570763778,HZXJ,UBCP35707637
FPRP00UWGM7470683735,FPRP,UWGM74706837
HCRV00RHNT4971591921,HCRV,RHNT49715919
WZWP00LCFJ8625986934,WZWP,LCFJ86259869
QACM00SLVN5884259915,QACM,SLVN58842599
SGKH00NUHL2297414375,SGKH,NUHL22974143
RJCM00MSPL6003733247,RJCM,MSPL60037332
TXXC00BFTW9265059018,TXXC,BFTW92650590
ZDIA00RRVC8861266274,ZDIA,RRVC88612662
EDPW00EPMP8141912608,EDPW,EPMP81419126
BCPC00AOAI9351435058,BCPC,AOAI93514350
PPNA00NULG5317234279,PPNA,NULG53172342
ZGPM00KZJJ6657928307,ZGPM,KZJJ66579283
NEXB00QPRJ9432489254,NEXB,QPRJ94324892
TCNI00DGEQ1722791449,TCNI,DGEQ17227914
NDBF00PTIC9648894708,NDBF,PTIC96488947
TFBH00TAMZ0139189034,TFBH,TAMZ01391890
NDKB00HTHR6139608798,NDKB,HTHR61396087
BPMY00BKDC0827928968,BPMY,BKDC08279289
MSTX00BAZN1318606153,MSTX,BAZN13186061
WQPV00PHWS4817415081,WQPV,PHWS48174150
BZJY00NTZF1168012578,BZJY,NTZF11680125
TTQR00REBY4068747503,TTQR,REBY40687475
HTKI00DYLG6165256820,HTKI,DYLG61652568
AALR00LNEY7558153958,AALR,LNEY75581539
WCON00YYPI8951471052,WCON,YYPI89514710
QHEU00SACD9092885561,QHEU,SACD90928855
JDGE00MFXA8659535602,JDGE,MFXA86595356
ZAPT00EYAT3865018883,ZAPT,EYAT38650188
VUAF00MKMR9568002989,VUAF,MKMR95680029
FBUU00XVJK0831946542,FBUU,XVJK08319465
CZJT00UETZ5246311536,CZJT,UETZ52463115
ZGTG00PVRO0999653189,ZGTG,PVRO09996531
WWYV00LQFP5288497614,WWYV,LQFP52884976
TLYO00BBMC3588844047,TLYO,BBMC35888440
PKYD00VZEB2494559408,PKYD,VZEB24945594
DECZ00VSPR8036556502,DECZ,VSPR80365565
NTLS00XQSB2388883938,NTLS,XQSB23888839
QPFX00ZKKW1596997417,QPFX,ZKKW15969974
TBZF00EKAS2713627356,TBZF,EKAS27136273
FSKF00WRNU0412868172,FSKF,WRNU04128681
TBAA00EDCQ2717983724,TBAA,EDCQ27179837
SEZT00GDPN5385552186,SEZT,GDPN53855521
AUPW00VZOA3520960973,AUPW,VZOA35209609
YIMG00LLNC4181605272,YIMG,LLNC41816052
WTBZ00CRLB5780346631,WTBZ,CRLB57803466
PNQX00LYIE1747899003,PNQX,LYIE17478990
UREA00IOPF1772568720,UREA,IOPF17725687
NPLV00VUFL7196160247,NPLV,VUFL71961602
MLNK00DWQK6789127627,MLNK,DWQK67891276
DFIH00KIVZ2749688444,DFIH,KIVZ27496884
WPMQ00LIBK5635536088,WPMQ,LIBK56355360
XJEI00AUDF4515417663,XJEI,AUDF45154176
ZFGY00XBCE3082145527,ZFGY,XBCE30821455
LQIW00DIXU2992313246,LQIW,DIXU29923132
SCAN00KWMQ1587561573,SCAN,KWMQ15875615
RMPQ00HAOB8762050750,RMPQ,HAOB87620507
SUBN00CJYN7099646555,SUBN,CJYN70996465
ICIO00SGDD8325239891,ICIO,SGDD83252398
VJIR00TALH3842417645,VJIR,TALH38424176
JGPK00WSQT6774125103,JGPK,WSQT67741251
CQUY00VPCV0425250758,CQUY,VPCV04252507
VQOT00TSFV1138087203,VQOT,TSFV11380872
RQFZ00GQOH1903745055,RQFZ,GQOH19037450
STSR00EHLT4236604921,STSR,EHLT42366049
VXDD00XTQA0402076355,VXDD,XTQA04020763
OSSE00MPVJ8907780595,OSSE,MPVJ89077805
XTWL00PEXV0167492780,XTWL,PEXV01674927
REWW00CHJP7795335630,REWW,CHJP77953356
ILTD00NARU0068966760,ILTD,NARU00689667
BUIG00UPGA1561227172,BUIG,UPGA15612271
EJTQ00AKHV5981217498,EJTQ,AKHV59812174
TBAA00ZWAD3019273561,TBAA,ZWAD30192735
AJDQ00GDVX4109328198,AJDQ,GDVX41093281
XUIZ00LRLO9492556689,XUIZ,LRLO94925566
BQZJ00WTDS4565211873,BQZJ,WTDS45652118
GAHA00PTWZ4717020397,GAHA,PTWZ47170203
RRPV00UYCI1289540087,RRPV,UYCI12895400
FGLN00ANXW6762551618,FGLN,ANXW67625516
YJFN00UCAL8633499141,YJFN,UCAL86334991
XPLN00THRM6027935947,XPLN,THRM60279359
RNHT00CQRK1389319990,RNHT,CQRK13893199
CSKC00FGFQ2380902844,CSKC,FGFQ23809028
ZKTH00XCZI4542609940,ZKTH,XCZI45426099
JPHX00SQXH6760440384,JPHX,SQXH67604403
YUOH00IHYX0115360449,YUOH,IHYX01153604
QKXG00LDCE0220096871,QKXG,LDCE02200968
EKVI00IGDA1138287874,EKVI,IGDA11382878
LXCT00UDZY8523643109,LXCT,UDZY85236431
PUTQ00FNDT0612294097,PUTQ,FNDT06122940
QDJR00VZDZ0312314209,QDJR,VZDZ03123142
MDDX00OSPH1895365026,MDDX,OSPH18953650
XOFL00JKXG6327934881,XOFL,JKXG63279348
XYMV00OAZS0107062410,XYMV,OAZS01070624
FFII00WNAP0575529870,FFII,WNAP05755298
VUHQ00ORLS2794519744,VUHQ,ORLS27945197
DEBL00UMTM9548259324,DEBL,UMTM95482593
ZAFH00IHRM9829649968,ZAFH,IHRM98296499
SWEM00TYSX5794169185,SWEM,TYSX57941691
HNMT00ATTD5389819991,HNMT,ATTD53898199
YGCB00KVHW9251408441,YGCB,KVHW92514084
WGID00VQXJ2033128086,WGID,VQXJ20331280
SOXX00ZKIZ8415653255,SOXX,ZKIZ84156532
PFON00NYGQ8987927294,PFON,NYGQ89879272
CMXS00TCFU5919583460,CMXS,TCFU59195834
TQXV00OZPV3196339518,TQXV,OZPV31963395
JTZS00DYJP1014471213,JTZS,DYJP10144712
PSSX00EPRX0256555506,PSSX,EPRX02565555
FESC00IGOX3208573746,FESC,IGOX32085737
RWWY00UZWW8570251752,RWWY,UZWW85702517
AKZS00XURW5141960755,AKZS,XURW51419607
RILY00IXXD4455558458,RILY,IXXD44555584
QMXU00FEMJ5938552957,QMXU,FEMJ59385529
RAKR00RPPQ1592148614,RAKR,RPPQ15921486
WNQL00XKOH7310510198,WNQL,XKOH73105101
OYJN00UZUX9770124056,OYJN,UZUX97701240
GFGN00RHCS9352343269,GFGN,RHCS93523432
NJUQ00BIAQ9496436820,NJUQ,BIAQ94964368
NROD00SACJ5040587217,NROD,SACJ50405872
ARUI00XVGJ1957230186,ARUI,XVGJ19572301
MYFR00RVZC2876746092,MYFR,RVZC28767460
LZZK00OIHS7046841652,LZZK,OIHS70468416
QLKV00RODT9912110895,QLKV,RODT99121108
RMCM00WCAL1392987410,RMCM,WCAL13929874
OWGG00YLYU5060275198,OWGG,YLYU50602751
ZNVL00VQPS4699479687,ZNVL,VQPS46994796
HWSU00QLCZ6487571856,HWSU,QLCZ64875718
XFJF00KZPZ5860357840,XFJF,KZPZ58603578
ZWIF00AJZT8492860869,ZWIF,AJZT84928608
PSLK00POWY5849358810,PSLK,POWY58493588
GZLT00ZJKS0416313465,GZLT,ZJKS04163134
YPAW00NOTN0266074179,YPAW,NOTN02660741
CNBW00WHPU2653472218,CNBW,WHPU26534722
FQEZ00GWVS8774473368,FQEZ,GWVS87744733
GQQD00LFQY7335451090,GQQD,LFQY73354510
UHMQ00LJUU0928854503,UHMQ,LJUU09288545
HJKU00TBUA9165921598,HJKU,TBUA91659215
UJJS00HZKX1669515286,UJJS,HZKX16695152
VTOL00PRXZ2581940012,VTOL,PRXZ25819400
TPPY00WKJZ2142226815,TPPY,WKJZ21422268
COQH00NNJI6905725362,COQH,NNJI69057253
DOOW00IEFZ7593765616,DOOW,IEFZ75937656
LOHQ00HTKV6890159883,LOHQ,HTKV68901598
DNDK00XZBZ4373067015,DNDK,XZBZ43730670
CJMO00JFDB7793512933,CJMO,JFDB77935129
KUZV00QPHY3399139558,KUZV,QPHY33991395
ACTR00SYVP0634755551,ACTR,SYVP06347555
QELZ00GLIK4087208106,QELZ,GLIK40872081
PWVE00XNHL6614818070,PWVE,XNHL66148180
XGFA00UVAK9577547620,XGFA,UVAK95775476
VHOT00FJVG9144082419,VHOT,FJVG91440824
SHVY00PASN8284824887,SHVY,PASN82848248
EJQD00YPBN3015495326,EJQD,YPBN30154953
IZMF00VMFP4522980897,IZMF,VMFP45229808
FGAI00MMYL0254334243,FGAI,MMYL02543342
BEIO00UKAA2365876818,BEIO,UKAA23658768
AKJL00LDYC8187318905,AKJL,LDYC81873189
GKTE00DRWB7500090955,GKTE,DRWB75000909
WDDL00BPDU5874758152,WDDL,BPDU58747581
JJVH00PSPQ7241398634,JJVH,PSPQ72413986
RAZT00GLBM4395248802,RAZT,GLBM43952488
HNSK00SQGI8236616492,HNSK,SQGI82366164
FCJY00MTMK4375884865,FCJY,MTMK43758848
UKTI00WFHR5630463347,UKTI,WFHR56304633
VULH00IHMZ2886523467,VULH,IHMZ28865234
FOSU00XGXT1829649441,FOSU,XGXT18296494
WFKB00AAXZ7889525866,WFKB,AAXZ78895258
DVQX00IFJA4754558189,DVQX,IFJA47545581
MREV00JQLT9977823262,MREV,JQLT99778232
RVLZ00XFCE8358508732,RVLZ,XFCE83585087
YKTJ00JPKC9299725303,YKTJ,JPKC92997253
XKDI00JRFF7417410831,XKDI,JRFF74174108
MSCD00YQKK3100553697,MSCD,YQKK31005536
FHKF00YZRN1321092493,FHKF,YZRN13210924
COXD00XCKW8852874673,COXD,XCKW88528746
LMTP00MXCH1354239226,LMTP,MXCH13542392
XBMJ00NLXP6446966792,XBMJ,NLXP64469667
VYDW00HFDJ6566067257,VYDW,HFDJ65660672
QLAM00IWND0721678246,QLAM,IWND07216782
QJTY00KAAO7871998763,QJTY,KAAO78719987
HFJD00NKYN0499192412,HFJD,NKYN04991924
OQNG00OSYK2743960153,OQNG,OSYK27439601
INZA00PONV0650155529,INZA,PONV06501555
TWMJ00OXQL6236560161,TWMJ,OXQL62365601
WYWG00EXOG0521930982,WYWG,EXOG05219309
RKKR00OVJZ7453116123,RKKR,OVJZ74531161
EMSA00LCIP5951279402,EMSA,LCIP59512794
JCJE00JPAI8602022582,JCJE,JPAI86020225
THRW00KZXW2247247352,THRW,KZXW22472473
RWTU00JCXJ2182369465,RWTU,JCXJ21823694
MVFC00COCM5206084675,MVFC,COCM52060846
PZCT00YHIC7914663656,PZCT,YHIC79146636
UNCK00TLUJ9849644754,UNCK,TLUJ98496447
KJXT00IBAE5715964382,KJXT,IBAE57159643
GVOB00LQLU3767502393,GVOB,LQLU37675023
JBHU00RCCO4624973711,JBHU,RCCO46249737
VNEN00DHKB3740201848,VNEN,DHKB37402018
WAVL00DRBH6912984451,WAVL,DRBH69129844
QVYA00CUIX4302552121,QVYA,CUIX43025521
AALD00IXTP0355322909,AALD,IXTP03553229
HYSS00VJOO9332465575,HYSS,VJOO93324655
PRRD00KLQQ9733543532,PRRD,KLQQ97335435
ZNOB00HZAK1487847142,ZNOB,HZAK14878471
HICP00PESH9676270997,HICP,PESH96762709
MTYP00HCOC1006610237,MTYP,HCOC10066102
LMHT00KXTH7634258680,LMHT,KXTH76342586
NWAC00VURZ9454456189,NWAC,VURZ94544561
NPWM00JLBE7300145714,NPWM,JLBE73001457
KEIE00CWAO3415260893,KEIE,CWAO34152608
HAHQ00KOQG3987558403,HAHQ,KOQG39875584
WIMZ00NUHO6662737055,WIMZ,NUHO66627370
NUUS00FKKS2727411729,NUUS,FKKS27274117
UGSC00SMZJ1609069392,UGSC,SMZJ16090693
FGTU00CXUP8138461796,FGTU,CXUP81384617
PCVE00GUIS4472951317,PCVE,GUIS44729513
XUMS00VGAZ8522863594,XUMS,VGAZ85228635
OPJZ00IHPA0986502808,OPJZ,IHPA09865028
BUMT00YFDH5232784173,BUMT,YFDH52327841
WFTG00MSWT5945352825,WFTG,MSWT59453528
LHDF00SJEH8284894590,LHDF,SJEH82848945
NBOI00LWUW1658568942,NBOI,LWUW16585689
RXGP00PHLX9052038367,RXGP,PHLX90520383
JVPY00UQAB8040323874,JVPY,UQAB80403238
PQSX00IUZM6273254307,PQSX,IUZM62732543
ZSKZ00TVTA2618423840,ZSKZ,TVTA26184238
KCMM00GVHL1702341326,KCMM,GVHL17023413
LYMC00NQHZ1884174750,LYMC,NQHZ18841747
YXVR00MCUK3548981887,YXVR,MCUK35489818
UCDA00LNZQ7634124274,UCDA,LNZQ76341242
QRJE00PJYJ3341251224,QRJE,PJYJ33412512
NKGJ00FRML4721928328,NKGJ,FRML47219283
ZCXB00MNWO1484851024,ZCXB,MNWO14848510
VQIS00YLBS4494911253,VQIS,YLBS44949112
JCOO00HKYI8178421819,JCOO,HKYI81784218
KMPC00GEUW5440730643,KMPC,GEUW54407306
TWBM00PGGD0715982227,TWBM,PGGD07159822
VMUC00TBFU0940173072,VMUC,TBFU09401730
OBQB00WPQN4979315329,OBQB,WPQN49793153
RNPF00SOOI5630100907,RNPF,SOOI56301009
QHJX00WRBI7703118410,QHJX,WRBI77031184
QZZW00RTRP7622978953,QZZW,RTRP76229789
UQHG00IMXO8891156987,UQHG,IMXO88911569
PSXS00JPZG6566352228,PSXS,JPZG65663522
CVCR00DEHC9643490808,CVCR,DEHC96434908
HEWO00JBND2454950386,HEWO,JBND24549503
DNNT00HFWT1768706353,DNNT,HFWT17687063
LPGO00OSSD0729586484,LPGO,OSSD07295864
DKTZ00ZOEW8199036619,DKTZ,ZOEW81990366
BQCA00GRKI9260737187,BQCA,GRKI92607371
TZVB00ZARV4383880662,TZVB,ZARV43838806
TKTH00JTQO3798356894,TKTH,JTQO37983568
PRTQ00TEUO9975134809,PRTQ,TEUO99751348
IVWL00TUNG5209907575,IVWL,TUNG52099075
YOUC00DCQQ5661992764,YOUC,DCQQ56619927
IXLD00IFTZ4055374178,IXLD,IFTZ40553741
PQYC00QGDA4936489954,PQYC,QGDA49364899
FADL00ECWT4470089672,FADL,ECWT44700896
SBHT00QRGA8357287751,SBHT,QRGA83572877
HKQD00TTAM2066240454,HKQD,TTAM20662404
TUSV00GQDE3064789767,TUSV,GQDE30647897
ALMR00MGJM6480547193,ALMR,MGJM64805471
BOCL00JTJE1212530864,BOCL,JTJE12125308
VPQG00BFSZ5372757414,VPQG,BFSZ53727574
VRLC00FKAE4738672037,VRLC,FKAE47386720
QNHX00PNBH5093738874,QNHX,PNBH50937388
QHQC00TXQE9241080951,QHQC,TXQE92410809
HTJA00TDCF1501387275,HTJA,TDCF15013872
QATL00OQHZ9870610749,QATL,OQHZ98706107
SISE00XYVY2883014267,SISE,XYVY28830142
YHLK00XCFN0816180750,YHLK,XCFN08161807
TTFV00JUGU4181403753,TTFV,JUGU41814037
NDFJ00EYCZ8896699452,NDFJ,EYCZ88966994
YABQ00PNZJ4767071288,YABQ,PNZJ47670712
CFXC00UFQP1202957881,CFXC,UFQP12029578
JLEF00ISLZ4494667514,JLEF,ISLZ44946675
EIRM00BBQX7261189430,EIRM,BBQX72611894
VATZ00VUCX0742087102,VATZ,VUCX07420871
TDHQ00QCVR5234424575,TDHQ,QCVR52344245
GHID00FMCG3770778917,GHID,FMCG37707789
RPDF00YXJK6893964382,RPDF,YXJK68939643
SLUD00VEMM4838117053,SLUD,VEMM48381170
STAR00GBXB2120057117,STAR,GBXB21200571
PVBN00PEKV8911052567,PVBN,PEKV89110525
SEER00KUUD4966616611,SEER,KUUD49666166
HINN00BATR1480703190,HINN,BATR14807031
HAFU00NNPN2977405846,HAFU,NNPN29774058
ZAFV00ZIVX2699758033,ZAFV,ZIVX26997580
JAQJ00ZUJH2653005296,JAQJ,ZUJH26530052
MQSB00WMRS2577136434,MQSB,WMRS25771364
QUYU00VJDK0979186595,QUYU,VJDK09791865
EYBS00VKEL3800665812,EYBS,VKEL38006658
OLJD00KZQA5678114420,OLJD,KZQA56781144
DGAY00ZQPW8427309142,DGAY,ZQPW84273091
QGBP00KDMS8369251016,QGBP,KDMS83692510
GSEY00QOWG9611873050,GSEY,QOWG96118730
TVNB00QZLA0052627539,TVNB,QZLA00526275
EFWV00AIEB2698545176,EFWV,AIEB26985451
UXKG00WWHI6662584575,UXKG,WWHI66625845
YQZR00OGVB0330948294,YQZR,OGVB03309482
FYOI00KZLE4861151352,FYOI,KZLE48611513
NZBE00XUYJ0091150087,NZBE,XUYJ00911500
VOEZ00TAMN7458308140,VOEZ,TAMN74583081
WQGW00PNUM1476923295,WQGW,PNUM14769232
IFAW00SCIB7017691661,IFAW,SCIB70176916
LBSA00QQZM1638391408,LBSA,QQZM16383914
RDZI00WKPN1481766944,RDZI,WKPN14817669
EGCG00NMWR0360328924,EGCG,NMWR03603289
DXPL00FYFI5007671764,DXPL,FYFI50076717
DDJX00MXKS5709593002,DDJX,MXKS57095930
MZBR00UQZL1613967260,MZBR,UQZL16139672
LZNA00NOTU6370718845,LZNA,NOTU63707188
JNNN00KSLP5939663796,JNNN,KSLP59396637
PLRH00SMCS9404317304,PLRH,SMCS94043173
NOWQ00JPJS4121721337,NOWQ,JPJS41217213
YXQW00AVVF2566034892,YXQW,AVVF25660348
QKFF00WPXM3254560863,QKFF,WPXM32545608
RVCP00YVEA8498566882,RVCP,YVEA84985668
UPUQ00YRVN6202290746,UPUQ,YRVN62022907
YTLJ00NFMG7114739771,YTLJ,NFMG71147397
ZTEP00COWQ3863891168,ZTEP,COWQ38638911
UHRC00WUIB6624288654,UHRC,WUIB66242886
NUTA00VUKD4397612213,NUTA,VUKD43976122
ZPAY00EFNM8857642418,ZPAY,EFNM88576424
AMFB00BJZY3706070952,AMFB,BJZY37060709
AMFY00SGEL1243287304,AMFY,SGEL12432873
BPNS00GUZO5253256197,BPNS,GUZO52532561
JHVP00IXFL1986185979,JHVP,IXFL19861859
UQCH00DTZS4734553131,UQCH,DTZS47345531
ATYI00TUVP3426404094,ATYI,TUVP34264040
HUNV00BQBC9350093855,HUNV,BQBC93500938
AYNJ00VPNH7244001844,AYNJ,VPNH72440018
GOBI00BPAA1254904138,GOBI,BPAA12549041
OFXA00HBQW8909195013,OFXA,HBQW89091950
WOTM00UQMZ9241976650,WOTM,UQMZ92419766
GQNE00SLYY8246591407,GQNE,SLYY82465914
TBXJ00HEQB8581480580,TBXJ,HEQB85814805
HUJU00ETKM5330821889,HUJU,ETKM53308218
JHRF00AIXQ7597254193,JHRF,AIXQ75972541
UOHQ00FXNW5844415024,UOHQ,FXNW58444150
TTTM00KXLV8199328034,TTTM,KXLV81993280
VWNL00FOKK3014971025,VWNL,FOKK30149710
KTBQ00JOAG1910693322,KTBQ,JOAG19106933
AENK00JJMR9970401808,AENK,JJMR99704018
GUNY00NAAA9509269852,GUNY,NAAA95092698
PMYL00TYXV0195858002,PMYL,TYXV01958580
YRTV00IXSB7168084460,YRTV,IXSB71680844
QGYE00HEFS4551063522,QGYE,HEFS45510635
NGKY00HTCQ9047991561,NGKY,HTCQ90479915
KWRM00ANVY8442193846,KWRM,ANVY84421938
PWOH00HPQV7270183146,PWOH,HPQV72701831
FKEI00PKWA2578256619,FKEI,PKWA25782566
AWWC00HKCT8832393992,AWWC,HKCT88323939
VTPS00IFFC6950344654,VTPS,IFFC69503446
UYDS00GUKL3057604626,UYDS,GUKL30576046
SLVO00VZMF9343493273,SLVO,VZMF93434932
CBLA00FFLV4657704529,CBLA,FFLV46577045
RIVZ00KPUW5973009746,RIVZ,KPUW59730097
JPVD00IKIE9998767474,JPVD,IKIE99987674
XMZB00VEBA2485696292,XMZB,VEBA24856962
RMBL00VAZY5612596175,RMBL,VAZY56125961
EDZB00XWRJ3246393778,EDZB,XWRJ32463937
UFIU00KWUT5465459784,UFIU,KWUT54654597
VMYZ00OAGN3247878094,VMYZ,OAGN32478780
NEXO00MMDC4943564592,NEXO,MMDC49435645
KSMT00GMXR3012460574,KSMT,GMXR30124605
AGSW00IQGO0864819220,AGSW,IQGO08648192
WRFP00XXBR4399086362,WRFP,XXBR43990863
RFOB00SVES9747094288,RFOB,SVES97470942
PPCN00CDVJ8459053483,PPCN,CDVJ84590534
ABIR00MEZE9749860185,ABIR,MEZE97498601
VJEX00BWZI0909042224,VJEX,BWZI09090422
RNLD00WFCN3298819548,RNLD,WFCN32988195
EZPV00LMUE9701487371,EZPV,LMUE97014873
ILLT00PVUA2497983610,ILLT,PVUA24979836
YPIZ00ICXN7723247490,YPIZ,ICXN77232474
EAZT00XVNT0909418788,EAZT,XVNT09094187
JOJM00JLWR4766553051,JOJM,JLWR47665530
OPXS00AFYP7627576443,OPXS,AFYP76275764
DBGM00OQBJ5054921313,DBGM,OQBJ50549213
YLWV00XFQH3568844375,YLWV,XFQH35688443
HIMK00HYJN4794515135,HIMK,HYJN47945151
RSBD00GLKQ4419435233,RSBD,GLKQ44194352
HDCL00LSSU6253342972,HDCL,LSSU62533429
YJWM00UHIF5111522217,YJWM,UHIF51115222
KMVQ00YGAL8421552592,KMVQ,YGAL84215525
XSNY00LECS6711423588,XSNY,LECS67114235
UWVU00RFKJ4712191397,UWVU,RFKJ47121913
HMBQ00NDLX7873224789,HMBQ,NDLX78732247
PBYP00VEOF2462587745,PBYP,VEOF24625877
MORQ00BRCC6108845229,MORQ,BRCC61088452
EBYI00JUZK3629368591,EBYI,JUZK36293685
JLHQ00GYDD7382197385,JLHQ,GYDD73821973
LKAV00WMBB1882206840,LKAV,WMBB18822068
FCAT00PSXY7292465439,FCAT,PSXY72924654
GNQZ00KQGF3956159381,GNQZ,KQGF39561593
DXGG00ZYLV7673317477,DXGG,ZYLV76733174
ESTA00NLIJ0935878682,ESTA,NLIJ09358786
UZHH00EWGR7913602494,UZHH,EWGR79136024
UZTT00UDEM7328944848,UZTT,UDEM73289448
DPCP00IWSI0962437114,DPCP,IWSI09624371
LMFJ00CNMG8368378419,LMFJ,CNMG83683784
JVRE00QOAE3069355724,JVRE,QOAE30693557
GKGZ00KJMK4673438792,GKGZ,KJMK46734387
BKDW00HNJN5447403770,BKDW,HNJN54474037
RWXX00IOYU0073633282,RWXX,IOYU00736332
YEAL00TXEO0679534958,YEAL,TXEO06795349
VYUE00GRFX0587944952,VYUE,GRFX05879449
QZGP00TIRJ4695022888,QZGP,TIRJ46950228
QMBS00AZUJ9620328488,QMBS,AZUJ96203284
HUQP00FSQV3028175480,HUQP,FSQV30281754
UMAZ00TFLA2317386928,UMAZ,TFLA23173869
OELV00PNLI9170674619,OELV,PNLI91706746
QLVX00STKK0937650644,QLVX,STKK09376506
KSIJ00PCGY4607178452,KSIJ,PCGY46071784
YOCO00TYFK7214674680,YOCO,TYFK72146746
RUSB00LDSM5319825477,RUSB,LDSM53198254
QRQH00QLIE4998481963,QRQH,QLIE49984819
ZXCU00LEKY9528470543,ZXCU,LEKY95284705
GVWC00MLFX1420591259,GVWC,MLFX14205912
ZLNN00ZXOS1863505842,ZLNN,ZXOS18635058
MYXL00MKRL0234945821,MYXL,MKRL02349458
LSAJ00WOZY3502179955,LSAJ,WOZY35021799
TZJD00OJPM4427062858,TZJD,OJPM44270628
YHHJ00RYLP9688082486,YHHJ,RYLP96880824
TESG00XSLS4223301653,TESG,XSLS42233016
LZUG00VIWZ0470969594,LZUG,VIWZ04709695
GJCN00UTSO1091391448,GJCN,UTSO10913914
QCAF00IZDX5863197258,QCAF,IZDX58631972
PBBV00LSRP8021890987,PBBV,LSRP80218909
TZER00XJMY1914282949,TZER,XJMY19142829
HEWU00RFFJ9281030533,HEWU,RFFJ92810305
VGIM00BMMT5839625670,VGIM,BMMT58396256
KHOL00BRAJ2882309017,KHOL,BRAJ28823090
XBYK00LIOF5819596571,XBYK,LIOF58195965
AACX00GFSX7069163151,AACX,GFSX70691631
ORGD00CGCG4478659932,ORGD,CGCG44786599
KUVV00UKUU9480088427,KUVV,UKUU94800884
ZLFE00KBDJ5147686510,ZLFE,KBDJ51476865
KXEM00ZGXO7477367384,KXEM,ZGXO74773673
PIWK00IEWR7132962659,PIWK,IEWR71329626
AZDW00TTIB1381975209,AZDW,TTIB13819752
YZLL00FAJP4684651607,YZLL,FAJP46846516
RPKU00BNRT6940350597,RPKU,BNRT69403505
RUQV00WOQK9263891015,RUQV,WOQK92638910
YAQH00GIEL0064385402,YAQH,GIEL00643854
NNZH00SOMF9125592979,NNZH,SOMF91255929
RZZR00OILC6956125975,RZZR,OILC69561259
GTRD00WWMH8782061051,GTRD,WWMH87820610
JVYI00FNEJ8775870397,JVYI,FNEJ87758703
TELI00UXTX9862913453,TELI,UXTX98629134
OVAL00MDFS0587311036,OVAL,MDFS05873110
WZCT00FDSO4098254516,WZCT,FDSO40982545
OODL00FPEH7672148902,OODL,FPEH76721489
XZCR00EQKC5196412071,XZCR,EQKC51964120
IUBH00DWHT1948484709,IUBH,DWHT19484847
NDGK00RHAI2205269357,NDGK,RHAI22052693
MRAR00CNXZ3723462106,MRAR,CNXZ37234621
KHJY00NHUZ0021080608,KHJY,NHUZ00210806
BYWC00IPWH5253874795,BYWC,IPWH52538747
WPFE00SBUC5526216257,WPFE,SBUC55262162
WVOK00KHRB7259834538,WVOK,KHRB72598345
WMMS00PHEM5356202690,WMMS,PHEM53562026
HCDS00IXLP0897215942,HCDS,IXLP08972159
XDWH00DVYW4097033177,XDWH,DVYW40970331
WKHM00LHJQ9732448803,WKHM,LHJQ97324488
MNJY00SMFG1980814203,MNJY,SMFG19808142
DYAJ00FDPV3610894302,DYAJ,FDPV36108943
MMHS00GMVA9852892781,MMHS,GMVA98528927
PRDQ00LAZZ5195219762,PRDQ,LAZZ51952197
YCYE00QJOG1509034831,YCYE,QJOG15090348
VSSL00DORQ5102232879,VSSL,DORQ51022328
TWHV00AFTD4287669387,TWHV,AFTD42876693
GRJI00SLDN2401092787,GRJI,SLDN24010927
TWFM00GOFX4714217056,TWFM,GOFX47142170
JZWN00DVQB0736657005,JZWN,DVQB07366570
EVKF00SKFW8586441882,EVKF,SKFW85864418
JXZP00ZWEM6011778642,JXZP,ZWEM60117786
VMUQ00RXOG2271324845,VMUQ,RXOG22713248
RGNN00MJHW8974870719,RGNN,MJHW89748707
MYZZ00IPUO5284258192,MYZZ,IPUO52842581
ZLQV00LRUA1243921003,ZLQV,LRUA12439210
SYLF00SUSO3597981252,SYLF,SUSO35979812
CEKQ00VBGN6665733779,CEKQ,VBGN66657337
NTQR00ELUA0612363743,NTQR,ELUA06123637
PBQW00NXOY4299194274,PBQW,NXOY42991942
ONEL00IWFJ2026250540,ONEL,IWFJ20262505
AXBF00XPTD4708896031,AXBF,XPTD47088960
UQDA00ZCDF6028529168,UQDA,ZCDF60285291
LAMR00AQTU2574924643,LAMR,AQTU25749246
WQXZ00LQJP0124990978,WQXZ,LQJP01249909
RCGD00RVIZ3131070279,RCGD,RVIZ31310702
DSSU00KPTL5248978306,DSSU,KPTL52489783
YJKP00SVYE4246142413,YJKP,SVYE42461424
IUCK00ZTEO7066087352,IUCK,ZTEO70660873
PDLX00LHEM7975340454,PDLX,LHEM79753404
DXGL00KTRW5215180333,DXGL,KTRW52151803
PJTN00JUOX4940076137,PJTN,JUOX49400761
CRHC00VBGM3861691124,CRHC,VBGM38616911
LOEA00VJIS8967408857,LOEA,VJIS89674088
YHYZ00LVWH8838937252,YHYZ,LVWH88389372
TJRZ00ICED1961028136,TJRZ,ICED19610281
ITKR00XLBZ1214468852,ITKR,XLBZ12144688
OVQN00SQAP3718381362,OVQN,SQAP37183813
XWKB00WLRK5627231642,XWKB,WLRK56272316
OZOZ00ODPP1422219994,OZOZ,ODPP14222199
ULYR00EAKQ2564491747,ULYR,EAKQ25644917
PNUD00RKIU4562224484,PNUD,RKIU45622244
QCLH00PDDF0533674198,QCLH,PDDF05336741
BIYC00JXMZ4787839256,BIYC,JXMZ47878392
WNJU00EPMY5703654456,WNJU,EPMY57036544
JMFQ00AWEN0068376540,JMFQ,AWEN00683765
QYMF00ITYE6316004796,QYMF,ITYE63160047
VZKM00FUVX6471736181,VZKM,FUVX64717361
SUQP00KPRQ6104625437,SUQP,KPRQ61046254
BPKB00GWFT5597128206,BPKB,GWFT55971282
IZPJ00BTSZ8378935511,IZPJ,BTSZ83789355
ANPZ00IFFO9487408562,ANPZ,IFFO94874085
XBNK00OAWG9107224134,XBNK,OAWG91072241
XVAV00ZXCP3397537944,XVAV,ZXCP33975379
URAL00RWIP3607519387,URAL,RWIP36075193
KAKN00CUYA7788961075,KAKN,CUYA77889610
KBXJ00NRIP5655455015,KBXJ,NRIP56554550
UEND00OXSN6297721262,UEND,OXSN62977212
UCTY00MEMZ0819528493,UCTY,MEMZ08195284
ZPWM00YBKV1971475237,ZPWM,YBKV19714752
QLIQ00UNGH9051117887,QLIQ,UNGH90511178
SCEU00WQZS5567756811,SCEU,WQZS55677568
SEJN00OXAE4914882760,SEJN,OXAE49148827
FPCH00JDMG9122133881,FPCH,JDMG91221338
EDDE00LMFK5901147515,EDDE,LMFK59011475
WBLB00RMQQ5498529950,WBLB,RMQQ54985299
FPXB00YQDI7782981276,FPXB,YQDI77829812
HWJE00GLDN7417530285,HWJE,GLDN74175302
LBMJ00PPUJ2553094235,LBMJ,PPUJ25530942
IBZS00WKLJ0498475614,IBZS,WKLJ04984756
IUBX00TNYO9578268845,IUBX,TNYO95782688
TTOL00TWID1127764725,TTOL,TWID11277647
ATSZ00YBSN3555339646,ATSZ,YBSN35553396
NAXK00SCFH1768255544,NAXK,SCFH17682555
HHZJ00BQME3889385765,HHZJ,BQME38893857
UXJW00LMET2316637189,UXJW,LMET23166371
ULHN00APDU0482666625,ULHN,APDU04826666
OAIA00XITF3400991495,OAIA,XITF34009914
VOKC00NTSS7890196042,VOKC,NTSS78901960
PZOR00CZFL9456579598,PZOR,CZFL94565795
JRTG00FCQJ6289389829,JRTG,FCQJ62893898
KEAO00JQUV5332598249,KEAO,JQUV53325982
NWOS00IHXI0784877514,NWOS,IHXI07848775
DFDV00CHZD7081416325,DFDV,CHZD70814163
ERGV00USON6138925305,ERGV,USON61389253
DWOV00IKKL1807576594,DWOV,IKKL18075765
AGIP00HWLO9870252236,AGIP,HWLO98702522
JAYR00BESI3612143125,JAYR,BESI36121431
JXPZ00WOQZ6163378835,JXPZ,WOQZ61633788
HGMP00KTYR6947423718,HGMP,KTYR69474237
ZZTU00USQU0103539321,ZZTU,USQU01035393
CVPX00GGJC9706227022,CVPX,GGJC97062270
LANO00FNHQ9853571033,LANO,FNHQ98535710
LGPS00VXBK4426790629,LGPS,VXBK44267906
UTPB00PWPF1854191894,UTPB,PWPF18541918
KDQA00KJGR7663749159,KDQA,KJGR76637491
FCIW00VAKN5935635932,FCIW,VAKN59356359
VSRH00QZNW0649213331,VSRH,QZNW06492133
ANIR00MORR0308950562,ANIR,MORR03089505
UIQD00RNEA0126932447,UIQD,RNEA01269324
DNRB00IDDI7664436418,DNRB,IDDI76644364
PWAE00KAHA2649636102,PWAE,KAHA26496361
OUOS00URYL1852838014,OUOS,URYL18528380
WWOR00HSAB3107542504,WWOR,HSAB31075425
JMNI00GIXD6573540117,JMNI,GIXD65735401
FUHR00BURK4396390352,FUHR,BURK43963903
OYCD00KPFO2808967213,OYCD,KPFO28089672
OFPV00AHLD4145728968,OFPV,AHLD41457289
PRQA00AZJM8474855613,PRQA,AZJM84748556
WYGE00ZGEB5207911468,WYGE,ZGEB52079114
TFOU00ZSWS0600607614,TFOU,ZSWS06006076
UNKV00XEWU8462671178,UNKV,XEWU84626711
VZAW00ADMG2967735512,VZAW,ADMG29677355
JSIN00YYKT5826102762,JSIN,YYKT58261027
DHNB00IFYK0531081807,DHNB,IFYK05310818
ZBBP00XJSX9788978497,ZBBP,XJSX97889784
ZZZR00WYKR7845220945,ZZZR,WYKR78452209
GOEN00KGPC7541509241,GOEN,KGPC75415092
SXXG00ALLQ6808410811,SXXG,ALLQ68084108
JQCD00NTCF5127742685,JQCD,NTCF51277426
MWRY00KCZR5106692426,MWRY,KCZR51066924
IGBD00ABSI0477895365,IGBD,ABSI04778953
VSZK00USBA6285677036,VSZK,USBA62856770
FVXI00OOAB8038644434,FVXI,OOAB80386444
WHQI00GBPM6499728291,WHQI,GBPM64997282
OXAQ00AGMQ4756172974,OXAQ,AGMQ47561729
TOSG00DEGM1614617245,TOSG,DEGM16146172
ARED00TRWG1364151127,ARED,TRWG13641511
KGEQ00IYNU6573114497,KGEQ,IYNU65731144
BEFL00LBYO3277741057,BEFL,LBYO32777410
YGSA00XGKF6328580924,YGSA,XGKF63285809
GWCX00NHHL3642912587,GWCX,NHHL36429125
TGRT00FUSU5979881416,TGRT,FUSU59798814
VEAP00NPKO6981851168,VEAP,NPKO69818511
BXKE00XMLP2747432823,BXKE,XMLP27474328
QLNJ00TMMV2874205805,QLNJ,TMMV28742058
RJEL00VYAG0389770895,RJEL,VYAG03897708
DHUS00LNLL4368249741,DHUS,LNLL43682497
VFVR00RCGR0652818293,VFVR,RCGR06528182
WYOD00DFPS3398832275,WYOD,DFPS33988322
GQSL00FLNP8061406667,GQSL,FLNP80614066
OJCJ00JJSD0655758968,OJCJ,JJSD06557589
LAGQ00BPMF3308520452,LAGQ,BPMF33085204
HYHD00FGHZ3903722451,HYHD,FGHZ39037224
CQRL00JQXM7280218875,CQRL,JQXM72802188
MTYK00LSAH1805311841,MTYK,LSAH18053118
JALP00VKYP1920102592,JALP,VKYP19201025
QCRN00WAXN3915111925,QCRN,WAXN39151119
ITGJ00SIED1178055969,ITGJ,SIED11780559
VVJK00YSCU3231922030,VVJK,YSCU32319220
QKYD00NKXF1947177270,QKYD,NKXF19471772
CMKO00HOBO4314227113,CMKO,HOBO43142271
DDAV00VAUE9590512422,DDAV,VAUE95905124
RJTI00VAZA3443715078,RJTI,VAZA34437150
QVCP00OPCU4707998061,QVCP,OPCU47079980
OMEZ00KJWW3447293918,OMEZ,KJWW34472939
QIRI00JTDF0999429898,QIRI,JTDF09994298
TPHX00LXVF1153461356,TPHX,LXVF11534613
VOGX00LXCT6258654593,VOGX,LXCT62586545
ZDAV00KWFJ9588403369,ZDAV,KWFJ95884033
YXHF00BBWD1527643577,YXHF,BBWD15276435
PYYY00YQBA9141830642,PYYY,YQBA91418306
SOZC00JCHI6034044458,SOZC,JCHI60340444
GCPC00OUYZ5732742603,GCPC,OUYZ57327426
LLCS00YBER1055959974,LLCS,YBER10559599
AXTS00BVHY8551210943,AXTS,BVHY85512109
GYJC00YPBB9550948448,GYJC,YPBB95509484
NXBS00KYBH1720717883,NXBS,KYBH17207178
PICN00UOQB9582418584,PICN,UOQB95824185
CHCZ00PIJT4088490669,CHCZ,PIJT40884906
AZMO00JUAR7875442871,AZMO,JUAR78754428
WOOD00OAJG9094437592,WOOD,OAJG90944375
NJWX00JXCY3642124412,NJWX,JXCY36421244
JUQG00SSMI2281506966,JUQG,SSMI22815069
KEUA00CUXE4035703565,KEUA,CUXE40357035
LQFN00NDEG2146244593,LQFN,NDEG21462445
EHAW00LHNJ1612794417,EHAW,LHNJ16127944
UDCE00XUKB2730652761,UDCE,XUKB27306527
MYQB00OJNC1925450977,MYQB,OJNC19254509
PVYX00JMJC6494882683,PVYX,JMJC64948826
EUHX00XCLO3079849185,EUHX,XCLO30798491
TWTK00YPWZ1432981379,TWTK,YPWZ14329813
WJWB00MXTK3044389952,WJWB,MXTK30443899
SODD00TCYE2756995855,SODD,TCYE27569958
XVXX00KEYZ6909166684,XVXX,KEYZ69091666
GJPQ00NDJX8383357010,GJPQ,NDJX83833570
VSVS00WJOV1407876481,VSVS,WJOV14078764
LWBH00QNDE9430634586,LWBH,QNDE94306345
YNWQ00ZBQU1860607111,YNWQ,ZBQU18606071
TWVE00MTPZ9611770837,TWVE,MTPZ96117708
XUDY00DTWE3321744010,XUDY,DTWE33217440
LMMR00IBAM8643187669,LMMR,IBAM86431876
FJJC00UNRQ7395230123,FJJC,UNRQ73952301
FHZI00REIO6049452549,FHZI,REIO60494525
OGLM00AXHC7467335553,OGLM,AXHC74673355
LJOO00CLBU6987635695,LJOO,CLBU69876356
NVPE00YNUR9881106208,NVPE,YNUR98811062
KOXB00ICLL3533864015,KOXB,ICLL35338640
URXR00KLVL5595592816,URXR,KLVL55955928
FXXU00YYQU7216654185,FXXU,YYQU72166541
TBNB00DTXT0091246078,TBNB,DTXT00912460
YLDO00DMFV7190476506,YLDO,DMFV71904765
NUHX00FRWN8266972323,NUHX,FRWN82669723
YHXT00NOON8439593433,YHXT,NOON84395934
GTNG00KPND1417267935,GTNG,KPND14172679
ENGR00KMAM9348488222,ENGR,KMAM93484882
OBDY00JGIQ2059865771,OBDY,JGIQ20598657
LOQY00ZQKE6875734759,LOQY,ZQKE68757347
ZXEH00AJWS9925746111,ZXEH,AJWS99257461
PCGP00KIYB3210259048,PCGP,KIYB32102590
IMCH00ZIZE9744451030,IMCH,ZIZE97444510
GRXU00PDJE2549195307,GRXU,PDJE25491953
PUHQ00LYJD1627970353,PUHQ,LYJD16279703
GVUC00PYPQ5405651850,GVUC,PYPQ54056518
MNBQ00HMJE9806401729,MNBQ,HMJE98064017
DTRV00ELQU0199628926,DTRV,ELQU01996289
IIWA00JLQZ7764436379,IIWA,JLQZ77644363
WUOX00QZVP1375106553,WUOX,QZVP13751065
YXLJ00LYLJ7671999902,YXLJ,LYLJ76719999
XLKS00OOHI4460846252,XLKS,OOHI44608462
WDSA00WXGY4984740283,WDSA,WXGY49847402
VQQD00VHNY0157095805,VQQD,VHNY01570958
KMGP00PZHH8572907163,KMGP,PZHH85729071
DXFW00UEHD3750228476,DXFW,UEHD37502284
JVQO00TJHT0315599188,JVQO,TJHT03155991
EXBN00FNIY4306451505,EXBN,FNIY43064515
UVIP00ZVBU0557211831,UVIP,ZVBU05572118
QBSJ00BGRE6434425346,QBSJ,BGRE64344253
HZVU00GHXE8233098037,HZVU,GHXE82330980
RHVK00AXDO4872618358,RHVK,AXDO48726183
QLWZ00HWWT3341789038,QLWZ,HWWT33417890
BIFI00DHFM3877276213,BIFI,DHFM38772762
CIEC00BIHZ1333604821,CIEC,BIHZ13336048
OZJX00ZABI3286762739,OZJX,ZABI32867627
YKKL00UGNX3477804368,YKKL,UGNX34778043
UKGB00SOLJ4788574277,UKGB,SOLJ47885742
CVPP00BDAF4103494895,CVPP,BDAF41034948
NDTZ00XGNP9790726474,NDTZ,XGNP97907264
XVOJ00KOOM7264786834,XVOJ,KOOM72647868
LCAH00UETD8858280590,LCAH,UETD88582805
ERVT00LURF0392407344,ERVT,LURF03924073
WGLV00YUMB4833762554,WGLV,YUMB48337625
JJDH00CWJJ5865553485,JJDH,CWJJ58655534
DGFO00QBPZ2645040461,DGFO,QBPZ26450404
TOCQ00SJRZ8085663886,TOCQ,SJRZ80856638
CCMX00OYMG7365714114,CCMX,OYMG73657141
DBTY00EXEG0740277423,DBTY,EXEG07402774
WRXQ00SEXK0370561551,WRXQ,SEXK03705615
DZOT00DRQB5769884636,DZOT,DRQB57698846
UJST00LUCI7259929556,UJST,LUCI72599295
LKEL00CBHA6326760197,LKEL,CBHA63267601
QZVX00XCLN7272136145,QZVX,XCLN72721361
LKNF00UJAG6338105404,LKNF,UJAG63381054
HAWY00PFAB5650962671,HAWY,PFAB56509626
JTPL00LLCO2544543970,JTPL,LLCO25445439
WRIR00CQLC6993390103,WRIR,CQLC69933901
ZQCJ00KIEI3785057797,ZQCJ,KIEI37850577
ZGDJ00NIJH3475628038,ZGDJ,NIJH34756280
ZIRL00ZJBF2013669768,ZIRL,ZJBF20136697
HYHF00FAMR3033264165,HYHF,FAMR30332641
FSTA00CCOD9614275222,FSTA,CCOD96142752
NIPU00UMEH8572919143,NIPU,UMEH85729191
NUNK00XJWW6767739698,NUNK,XJWW67677396
VWKD00WTWA9985288793,VWKD,WTWA99852887
NWOO00SLDB6898857284,NWOO,SLDB68988572
QATF00SJRC2954454998,QATF,SJRC29544549
RQGF00WYSO5753759891,RQGF,WYSO57537598
IEWD00VTWE2470137318,IEWD,VTWE24701373
VYJS00GADC5690752873,VYJS,GADC56907528
PZEK00WAHZ4240542010,PZEK,WAHZ42405420
WOJU00STTM3576154770,WOJU,STTM35761547
INEN00XCZN5913773707,INEN,XCZN59137737
TATT00GMCL3017192922,TATT,GMCL30171929
LIWT00GSJC9584014183,LIWT,GSJC95840141
OEYZ00WWBS5728174626,OEYZ,WWBS57281746
IBGR00MUDM7771267136,IBGR,MUDM77712671
NQQF00KBSA9089203638,NQQF,KBSA90892036
KICJ00TPOJ3924515836,KICJ,TPOJ39245158
NLUC00SYGF9718624520,NLUC,SYGF97186245
BVPT00MRKD2228658863,BVPT,MRKD22286588
PTHV00HTZV5459598583,PTHV,HTZV54595985
PKAT00PNCJ1021869472,PKAT,PNCJ10218694
OVPW00BZCV2939319981,OVPW,BZCV29393199
GPJZ00BZNH0591389962,GPJZ,BZNH05913899
NHQQ00ORBI2519150275,NHQQ,ORBI25191502
LRXJ00OCZZ3102302015,LRXJ,OCZZ31023020
OIRB00APQP7271358145,OIRB,APQP72713581
OFRE00RBYM1069236659,OFRE,RBYM10692366
OROE00FLTR9549345332,OROE,FLTR95493453
RZJZ00GGYV4476417491,RZJZ,GGYV44764174
FOZS00ODSI5812761142,FOZS,ODSI58127611
BZCE00VMDX8397506271,BZCE,VMDX83975062
GVWN00UYHT4370262852,GVWN,UYHT43702628
GDWW00PORP0636464809,GDWW,PORP06364648
XVFF00AZRG1990016869,XVFF,AZRG19900168
BTQF00FRZU1410883774,BTQF,FRZU14108837
OHHC00PUPN9437504508,OHHC,PUPN94375045
QLKE00XRZZ5031755031,QLKE,XRZZ50317550
IEBS00UJJM9345504291,IEBS,UJJM93455042
TKLO00YKEU4905852093,TKLO,YKEU49058520
LEWJ00NDWK2657809363,LEWJ,NDWK26578093
JXIF00MTRD5683862450,JXIF,MTRD56838624
UAGL00MZEJ8481340574,UAGL,MZEJ84813405
INCY00OTOX3340530384,INCY,OTOX33405303
WGGQ00HNCO4877236725,WGGQ,HNCO48772367
KJYL00QRLT2034073269,KJYL,QRLT20340732
VHHT00HHIQ3639444674,VHHT,HHIQ36394446
ECCZ00GNOY2750157724,ECCZ,GNOY27501577
SKCB00OLNX3190899282,SKCB,OLNX31908992
MUAW00YEBU7644093528,MUAW,YEBU76440935
AANT00SFDL1079252354,AANT,SFDL10792523
KCLS00IYNU4197914470,KCLS,IYNU41979144
XCQD00XKKU8942391027,XCQD,XKKU89423910
QYCD00RHBN0523957984,QYCD,RHBN05239579
YDOO00MMVB3150250204,YDOO,MMVB31502502
SJEM00ZUNG1107578350,SJEM,ZUNG11075783
GIMZ00VTAG3993381076,GIMZ,VTAG39933810
OSCF00OMOQ3021701945,OSCF,OMOQ30217019
SJEH00NJKY2902936305,SJEH,NJKY29029363
FLXW00WAVV1148251646,FLXW,WAVV11482516
CWPC00SZXW7468294302,CWPC,SZXW74682943
OPOO00PZMV1205836649,OPOO,PZMV12058366
CMXX00IURC0287312152,CMXX,IURC02873121
DNFD00AZOK5716526359,DNFD,AZOK57165263
DWHW00SVDX3208383198,DWHW,SVDX32083831
AXEL00OLFD1300731469,AXEL,OLFD13007314
FAYP00HAJT1091437417,FAYP,HAJT10914374
MGLN00WNNW2987177065,MGLN,WNNW29871770
XGJV00VGDH6696675526,XGJV,VGDH66966755
ITCK00NPXH2676181862,ITCK,NPXH26761818
TWIG00SXUM8626742803,TWIG,SXUM86267428
FKDB00IXYB7635238455,FKDB,IXYB76352384
CUQN00KLQE0563109952,CUQN,KLQE05631099
FKOH00WNIV9396073859,FKOH,WNIV93960738
HXHH00WKAU3941997763,HXHH,WKAU39419977
VCRP00QMZT4294971114,VCRP,QMZT42949711
TTOF00MMLZ7895879565,TTOF,MMLZ78958795
ZIHX00TVRL0508126807,ZIHX,TVRL05081268
QGOL00GBIK9957089743,QGOL,GBIK99570897
AUXN00APRS9013845056,AUXN,APRS90138450
OLEL00RYVE6178189456,OLEL,RYVE61781894
KYYS00LMRM9782815886,KYYS,LMRM97828158
WIQO00YIWA0802721753,WIQO,YIWA08027217
DRCS00VYJZ7228428258,DRCS,VYJZ72284282
LBYE00KMGR7963428381,LBYE,KMGR79634283
UHJE00MCLH0161732641,UHJE,MCLH01617326
MKHZ00GWWD3603924131,MKHZ,GWWD36039241
OXMO00GMLZ6889153627,OXMO,GMLZ68891536
NEYS00LYTS2204472625,NEYS,LYTS22044726
ZEJI00VMKB9501775151,ZEJI,VMKB95017751
YTEE00JHBK5718567427,YTEE,JHBK57185674
GUEU00VLKZ7881504939,GUEU,VLKZ78815049
YFKL00BUIW1252363578,YFKL,BUIW12523635
QTTJ00PYJI5552468962,QTTJ,PYJI55524689
REQC00DTSW0940405792,REQC,DTSW09404057
BHEX00BMKI7064090519,BHEX,BMKI70640905
JGXR00HDYS4683562172,JGXR,HDYS46835621
EVFA00ZRMK2426667877,EVFA,ZRMK24266678
CKUX00GQNX4926027939,CKUX,GQNX49260279
URHI00UINT3562488552,URHI,UINT35624885
OCDL00BNZG3489131146,OCDL,BNZG34891311
NMGS00XMDF3799310847,NMGS,XMDF37993108
IIPA00NBFS5584756937,IIPA,NBFS55847569
MKPF00YFTN4890938684,MKPF,YFTN48909386
HYDT00MGOR4479371953,HYDT,MGOR44793719
MLFQ00JIAB0177666521,MLFQ,JIAB01776665
XGXZ00VBEB4235844272,XGXZ,VBEB42358442
XNGG00JEQA9428181970,XNGG,JEQA94281819
QSJJ00ZEIM0448044886,QSJJ,ZEIM04480448
BDJZ00IRQE9297961139,BDJZ,IRQE92979611
AJAA00ZINM3837507680,AJAA,ZINM38375076
HIGH00IKSG7015952556,HIGH,IKSG70159525
NPMS00WJMK7313509709,NPMS,WJMK73135097
IIZE00YMFZ0097321421,IIZE,YMFZ00973214
ZJNK00CZUJ0064971793,ZJNK,CZUJ00649717
SCDO00YPTX6741918881,SCDO,YPTX67419188
GUQN00GGHS7632606972,GUQN,GGHS76326069
EDRK00XERY5960964439,EDRK,XERY59609644
UVXL00UBIE9735989193,UVXL,UBIE97359891
ZZOY00PKBF7507703663,ZZOY,PKBF75077036
XEPW00KAKC5403264671,XEPW,KAKC54032646
LFIR00UOEF3199822290,LFIR,UOEF31998222
IQYK00KBJN9077413564,IQYK,KBJN90774135
LFVP00MOTL8581586621,LFVP,MOTL85815866
EBRF00EBLS7554403636,EBRF,EBLS75544036
XDJV00FDDJ5511653121,XDJV,FDDJ55116531
LVAR00BTGD4273117889,LVAR,BTGD42731178
TXCP00PQRX8601216257,TXCP,PQRX86012162
SBHE00QDIS5191705731,SBHE,QDIS51917057
KGLR00ZHHI5123050538,KGLR,ZHHI51230505
DNXQ00KVOP6104505004,DNXQ,KVOP61045050
OIFS00WQHL9721622702,OIFS,WQHL97216227
RJAQ00LNHK7354916039,RJAQ,LNHK73549160
EDVF00BDHS6175526453,EDVF,BDHS61755264
AUSY00XWOD4345205142,AUSY,XWOD43452051
VCPI00XLEU2725495514,VCPI,XLEU27254955
QAPE00GVWQ5408871630,QAPE,GVWQ54088716
HBFI00FLCG7320849895,HBFI,FLCG73208498
WDGT00GCXK0541934721,WDGT,GCXK05419347
WQGT00MLNA2177436143,WQGT,MLNA21774361
RKJN00MUTE7571167407,RKJN,MUTE75711674
FKBD00HGCN2489334350,FKBD,HGCN24893343
PYOH00KFLT5177985159,PYOH,KFLT51779851
QPBG00AHVJ5673235337,QPBG,AHVJ56732353
QADH00NZRA0232582044,QADH,NZRA02325820
EEVC00AZBN2732659448,EEVC,AZBN27326594
KUQA00KPUS6358397350,KUQA,KPUS63583973
RPZX00ZFLI7593593756,RPZX,ZFLI75935937
DTYK00QKWF9590502229,DTYK,QKWF95905022
DIPP00WQUS9317825181,DIPP,WQUS93178251
RPKU00HCPX2885952957,RPKU,HCPX28859529
DICH00HSIZ8944247870,DICH,HSIZ89442478
NEXB00WGYZ0392315108,NEXB,WGYZ03923151
RKZV00TABT6105356564,RKZV,TABT61053565
RMWH00TXKY2688786095,RMWH,TXKY26887860
TSKG00HVJH6540046492,TSKG,HVJH65400464
VLGM00ZYFT9437523224,VLGM,ZYFT94375232
JYGS00WSVQ4466652080,JYGS,WSVQ44666520
SUHB00ETTK5183545302,SUHB,ETTK51835453
ANSK00KMVU5562890813,ANSK,KMVU55628908
DKRH00NEWU5696477449,DKRH,NEWU56964774
XHOT00ABPA7659524875,XHOT,ABPA76595248
BKYR00DEOV4479802309,BKYR,DEOV44798023
MXKL00IIMX2057774796,MXKL,IIMX20577747
DBOY00DGAS8516549194,DBOY,DGAS85165491
KJSG00XTRH5163265790,KJSG,XTRH51632657
RSCU00UXKD4687026418,RSCU,UXKD46870264
DJHT00TCFL9116416429,DJHT,TCFL91164164
UKZR00XJIY4621947053,UKZR,XJIY46219470
JOCJ00QTRF7784461075,JOCJ,QTRF77844610
TDKW00IVHA6122648458,TDKW,IVHA61226484
QPYY00AIEI3565968658,QPYY,AIEI35659686
MZSA00OCJU1847451265,MZSA,OCJU18474512
PBUH00HEEL8707406726,PBUH,HEEL87074067
OJJR00MVJP1487826935,OJJR,MVJP14878269
VOEZ00VRSE4096987596,VOEZ,VRSE40969875
SYNH00VXTC1713953838,SYNH,VXTC17139538
ZRUZ00IKFX1401200312,ZRUZ,IKFX14012003
NHQM00QLEB6021612889,NHQM,QLEB60216128
QGRY00MOXD3289188911,QGRY,MOXD32891889
ZKDS00WOZQ2521048934,ZKDS,WOZQ25210489
MBAQ00XXCH7602263977,MBAQ,XXCH76022639
XENN00ISPR7496167185,XENN,ISPR74961671
ZOTQ00RXME9786722707,ZOTQ,RXME97867227
RQVQ00IBYF4639174196,RQVQ,IBYF46391741
KYUX00VNWH8047294435,KYUX,VNWH80472944
VJFD00RYNK8459202187,VJFD,RYNK84592021
QAZD00MNCK4452914810,QAZD,MNCK44529148
EMLO00SWHC8675397327,EMLO,SWHC86753973
WXIT00IASO3977479983,WXIT,IASO39774799
OLSK00JOQO2602966972,OLSK,JOQO26029669
UIUQ00CHAM0208411482,UIUQ,CHAM02084114
GFFN00OTXJ8911147532,GFFN,OTXJ89111475
TDZD00WQKA5223501785,TDZD,WQKA52235017
HUQX00BUPC6836869767,HUQX,BUPC68368697
HXJY00GSKZ2461490436,HXJY,GSKZ24614904
JUQO00NKQB3617726976,JUQO,NKQB36177269
BNZG00WGTM1722379374,BNZG,WGTM17223793
XBKK00PBQD4581091148,XBKK,PBQD45810911
OLBY00OZPY7254702668,OLBY,OZPY72547026
PFNM00MLGH7561533593,PFNM,MLGH75615335
VUXA00RELR6746854449,VUXA,RELR67468544
RCIQ00FOQV7455829353,RCIQ,FOQV74558293
QSOE00MXPN4393677733,QSOE,MXPN43936777
YWMK00JOLB7751721345,YWMK,JOLB77517213
AWHI00CMLY6800791682,AWHI,CMLY68007916
QIWB00BWLL5087323916,QIWB,BWLL50873239
LMAK00MPOH2574783033,LMAK,MPOH25747830
QQZV00IFVZ5282925539,QQZV,IFVZ52829255
DHZS00TNTZ5049914855,DHZS,TNTZ50499148
KNTU00TRMO2407249488,KNTU,TRMO24072494
CQZH00PLDU6552488220,CQZH,PLDU65524882
AEJJ00UZVW9949917236,AEJJ,UZVW99499172
MAAE00YXRO7447171831,MAAE,YXRO74471718
KXJH00PWOL2222834731,KXJH,PWOL22228347
MOIY00MZAX6372528411,MOIY,MZAX63725284
VWFV00TTRF4376075682,VWFV,TTRF43760756
EFCC00WDLZ5106168052,EFCC,WDLZ51061680
HFRY00HFKY2098476358,HFRY,HFKY20984763
JUVK00GMZJ9434588485,JUVK,GMZJ94345884
UPRC00TIER9477890552,UPRC,TIER94778905
LWDI00OLUX4461885318,LWDI,OLUX44618853
FDVR00EPPF9974632878,FDVR,EPPF99746328
CUOX00CYFP1041256331,CUOX,CYFP10412563
GYUW00BYGQ8357967539,GYUW,BYGQ83579675
JKMT00WDKB6563080388,JKMT,WDKB65630803
FLFS00EWWM2881542140,FLFS,EWWM28815421
YLJB00KAED2662623781,YLJB,KAED26626237
FOQF00VABO1490213095,FOQF,VABO14902130
NVRC00SZEX0496339668,NVRC,SZEX04963396
KOSJ00MFRB8907906615,KOSJ,MFRB89079066
HZCN00HASM5321716843,HZCN,HASM53217168
CLZY00XUXX9229052891,CLZY,XUXX92290528
XQNE00XSLA1199721572,XQNE,XSLA11997215
WMGT00FWQH8330713833,WMGT,FWQH83307138
ITKO00IIUY3651553131,ITKO,IIUY36515531
XKVR00SWLC7554497102,XKVR,SWLC75544971
OHGC00CRIF4990895193,OHGC,CRIF49908951
GVCX00CNTO4301928533,GVCX,CNTO43019285
YEYU00JCDG9024699434,YEYU,JCDG90246994
MTTV00MHBN5830607640,MTTV,MHBN58306076
OAQV00FNGJ9508201762,OAQV,FNGJ95082017
XPRH00JOVC5304244606,XPRH,JOVC53042446
LDTT00JUPG5750961457,LDTT,JUPG57509614
JAUD00USBK0448067681,JAUD,USBK04480676
FBQQ00DYZS4786417506,FBQQ,DYZS47864175
SPXF00DSMR7896174939,SPXF,DSMR78961749
VINV00APHE3097458033,VINV,APHE30974580
JHIP00UDVK2744876025,JHIP,UDVK27448760
NVKZ00YEYH5719608366,NVKZ,YEYH57196083
NHRB00MHTX8482941418,NHRB,MHTX84829414
ZCLF00QJFL5635941676,ZCLF,QJFL56359416
HIPH00PBEM5179794966,HIPH,PBEM51797949
IPWJ00ISGO6249383615,IPWJ,ISGO62493836
KLLF00TYIS1096104476,KLLF,TYIS10961044
ZPJT00ZEPE8465704856,ZPJT,ZEPE84657048
QCJE00UIFG1275967989,QCJE,UIFG12759679
RMGO00JJEC9402277840,RMGO,JJEC94022778
IELY00ANEQ0285609140,IELY,ANEQ02856091
DOJD00KEWB0254725990,DOJD,KEWB02547259
HGDH00MRNC9108569886,HGDH,MRNC91085698
CMZG00YYEC1490074474,CMZG,YYEC14900744
VPIN00EKOJ7361521864,VPIN,EKOJ73615218
SXHN00HKKX0771973829,SXHN,HKKX07719738
GLQN00LQTE3331809641,GLQN,LQTE33318096
BHKK00SSPS0253118679,BHKK,SSPS02531186
MYUH00IAMU8183202823,MYUH,IAMU81832028
KBHC00GLJU9411293958,KBHC,GLJU94112939
MRTL00DSSK9691054338,MRTL,DSSK96910543
VFXP00SELC5943219658,VFXP,SELC59432196
EXUU00TENZ6504921461,EXUU,TENZ65049214
GYCJ00CLQM0699355213,GYCJ,CLQM06993552
NLVF00CLFU3623863945,NLVF,CLFU36238639
ZAZE00SUCD3723434870,ZAZE,SUCD37234348
EOYK00ZZXH2860013870,EOYK,ZZXH28600138
CUVQ00GVHY8881892428,CUVQ,GVHY88818924
KJUR00UPNE3165520321,KJUR,UPNE31655203
IPWS00YFTX8458740670,IPWS,YFTX84587406
TRUR00SNNK9356223502,TRUR,SNNK93562235
NVLU00OGKJ9469920628,NVLU,OGKJ94699206
OIYO00KKPV3675244479,OIYO,KKPV36752444
LVGG00NDNA2167089848,LVGG,NDNA21670898
QGAY00PPEC1868528581,QGAY,PPEC18685285
GSAW00DUYL4250399520,GSAW,DUYL42503995
UKGA00DDNB6683311784,UKGA,DDNB66833117
DCIS00HXNB8036183789,DCIS,HXNB80361837
TRQO00RGUX5626175955,TRQO,RGUX56261759
UDRO00KOGS8660764025,UDRO,KOGS86607640
BYGN00LCZG9828984166,BYGN,LCZG98289841
YVOR00SIQH5014744019,YVOR,SIQH50147440
MCHS00VSBO6978900452,MCHS,VSBO69789004
YKNN00BHPV6943538543,YKNN,BHPV69435385
OUFM00FACW4982286982,OUFM,FACW49822869
OILW00GNYG5856640443,OILW,GNYG58566404
CNHN00GGMG1374838357,CNHN,GGMG13748383
QENO00HRAR5649169175,QENO,HRAR56491691
YZYO00AJJS6699050428,YZYO,AJJS66990504
JCMH00NZTC1171922995,JCMH,NZTC11719229
HRGV00KJPC2585318218,HRGV,KJPC25853182
QRJG00HBQG5497529662,QRJG,HBQG54975296
SSIP00AOZD8337919389,SSIP,AOZD83379193
OTGJ00LSUV5606397818,OTGJ,LSUV56063978
YJTH00YGVA7270988922,YJTH,YGVA72709889
FKWQ00EPCB3566888907,FKWQ,EPCB35668889
CUEM00SLJC3850849714,CUEM,SLJC38508497
VFDT00KUFP4312346925,VFDT,KUFP43123469
HVPG00RZUZ1247490965,HVPG,RZUZ12474909
ITNX00HDPI3823267331,ITNX,HDPI38232673
YHTO00TTSI0669088691,YHTO,TTSI06690886
EFSO00UTHL0549318689,EFSO,UTHL05493186
UKQF00TASC2765366547,UKQF,TASC27653665
GMEE00QKSB5783714066,GMEE,QKSB57837140
NYBO00RACC4781464893,NYBO,RACC47814648
WPOZ00AZBP3173469180,WPOZ,AZBP31734691
OLPU00DWSF4997748390,OLPU,DWSF49977483
OMBO00EBFQ8500921852,OMBO,EBFQ85009218
HAIC00DCUF7908662614,HAIC,DCUF79086626
EVYF00MTAD6666247389,EVYF,MTAD66662473
EXMS00HQVE2299199842,EXMS,HQVE22991998
NXAS00VQMM8361993254,NXAS,VQMM83619932
BPMY00IARV0610559842,BPMY,IARV06105598
FBXT00PDVF4247857925,FBXT,PDVF42478579
ANMA00MFSB9789616417,ANMA,MFSB97896164
EYSY00PYKI5691740051,EYSY,PYKI56917400
ULKM00KNLX1675740245,ULKM,KNLX16757402
DONR00GAGM5533245302,DONR,GAGM55332453
JZSO00XLLF0984544435,JZSO,XLLF09845444
YBJE00JXXC7865248294,YBJE,JXXC78652482
DMHO00DONN8396916211,DMHO,DONN83969162
KBRK00HVLG8641898333,KBRK,HVLG86418983
ILUP00IVRW3427537675,ILUP,IVRW34275376
DRLB00QCQZ4453695542,DRLB,QCQZ44536955
SLVN00QBPH1805844870,SLVN,QBPH18058448
BMLY00DXIK1109700929,BMLY,DXIK11097009
SLXN00ONTZ1121865671,SLXN,ONTZ11218656
IBKZ00SJNX4917591584,IBKZ,SJNX49175915
YASE00GRGF3118478982,YASE,GRGF31184789
RNHX00PIXK5107153349,RNHX,PIXK51071533
PNAU00REXK2756113774,PNAU,REXK27561137
XGPF00ISJJ6103535478,XGPF,ISJJ61035354
SECX00ROUL7024166038,SECX,ROUL70241660
EOBO00HEOK7078888028,EOBO,HEOK70788880
GVYK00IVPX3595568172,GVYK,IVPX35955681
MGPT00CNXX3737724224,MGPT,CNXX37377242
PZZQ00TXDK3020189575,PZZQ,TXDK30201895
UVNP00THST9417190273,UVNP,THST94171902
LIFN00WSXG0572360175,LIFN,WSXG05723601
CCBZ00PNFC6085329472,CCBZ,PNFC60853294
DSLS00TDOU3224304110,DSLS,TDOU32243041
MZPX00VVAN2751276971,MZPX,VVAN27512769
NZTP00UJKS2402674024,NZTP,UJKS24026740
DCAW00BWHK9599145854,DCAW,BWHK95991458
TCRY00SVXT5346957813,TCRY,SVXT53469578
AZPS00UFTG8561019194,AZPS,UFTG85610191
CYBF00CAQU2128353637,CYBF,CAQU21283536
SQHQ00DUXN6239912969,SQHQ,DUXN62399129
TMTL00QPQE2737587321,TMTL,QPQE27375873
OKKA00UMQV2762210891,OKKA,UMQV27622108
LTOP00WLLB5626029543,LTOP,WLLB56260295
DGLG00IGWR5626427542,DGLG,IGWR56264275
VMPZ00AGJZ5027032925,VMPZ,AGJZ50270329
MBNT00QUHN3076029985,MBNT,QUHN30760299
BJZU00LXVB9766774239,BJZU,LXVB97667742
TAOQ00UJAW4118825386,TAOQ,UJAW41188253
YJTI00XGKJ6452048963,YJTI,XGKJ64520489
KWYM00FLIR0915536108,KWYM,FLIR09155361
OOXB00HVKM5373908133,OOXB,HVKM53739081
TRNS00WJJG8347810024,TRNS,WJJG83478100
XDDY00ONGR3390031241,XDDY,ONGR33900312
QOIJ00NAUW6050188121,QOIJ,NAUW60501881
VJKI00ULXR1114018074,VJKI,ULXR11140180
ALRA00PNFX9806668877,ALRA,PNFX98066688
VXNT00GZXP7783729386,VXNT,GZXP77837293
CNJY00SAUQ3699860034,CNJY,SAUQ36998600
RMSA00XQEX9127076333,RMSA,XQEX91270763
TWMM00AZKV1521292641,TWMM,AZKV15212926
DXAT00OPEC1763208252,DXAT,OPEC17632082
PATV00TOKE1415330730,PATV,TOKE14153307
AZLP00FJCR9325785808,AZLP,FJCR93257858
MBTT00AYAF3014759755,MBTT,AYAF30147597
HXBC00RQVS5797685985,HXBC,RQVS57976859
WVUI00QAEG9065525925,WVUI,QAEG90655259
DPQD00RGCQ1485201796,DPQD,RGCQ14852017
PSWY00EGID7545038203,PSWY,EGID75450382
OOHX00RFBF6126938833,OOHX,RFBF61269388
JVCU00CBEM0016092328,JVCU,CBEM00160923
DXUF00LTVJ1401780996,DXUF,LTVJ14017809
JGNP00MFAZ9199075484,JGNP,MFAZ91990754
IWHB00QZFX9088230090,IWHB,QZFX90882300
ZRVB00PFUD4588424608,ZRVB,PFUD45884246
WHTV00BFOS5960907447,WHTV,BFOS59609074
SFOU00PRNX4354439362,SFOU,PRNX43544393
KQXZ00CYXB0241865509,KQXZ,CYXB02418655
OZSI00BKCV2296351588,OZSI,BKCV22963515
XNMZ00SLBX2310226880,XNMZ,SLBX23102268
PNYL00PZDU3824178218,PNYL,PZDU38241782
NDGM00AXHN2230874591,NDGM,AXHN22308745
KUYJ00DMGX1224984881,KUYJ,DMGX12249848
JSHN00VFFZ3603570096,JSHN,VFFZ36035700
QMQW00UVUT9715729586,QMQW,UVUT97157295
KXOY00SEHG9947632458,KXOY,SEHG99476324
NGGR00EZQJ0549787345,NGGR,EZQJ05497873
XYIO00HUNV6188683973,XYIO,HUNV61886839
JJIQ00ZQSF2630071333,JJIQ,ZQSF26300713
KATK00GSCJ3419352243,KATK,GSCJ34193522
NPVH00DEBN1088211116,NPVH,DEBN10882111
YRJU00DMJU6073296053,YRJU,DMJU60732960
WDMF00HURQ7977101177,WDMF,HURQ79771011
WRUB00EYNG4879399190,WRUB,EYNG48793991
NSPW00LRAI8802630405,NSPW,LRAI88026304
AGHV00QOVN9930974693,AGHV,QOVN99309746
IBGM00MEJC8095358052,IBGM,MEJC80953580
BFXV00NRXR8226999609,BFXV,NRXR82269996
RPNX00DQEE5290253171,RPNX,DQEE52902531
YPEL00BHVW2214275448,YPEL,BHVW22142754
LJRG00BMUZ7463893960,LJRG,BMUZ74638939
VRBF00UYKD9982153258,VRBF,UYKD99821532
NJAN00FAVN3353294989,NJAN,FAVN33532949
YYJI00XVEG4327660246,YYJI,XVEG43276602
ULHN00BDIC7636165534,ULHN,BDIC76361655
ZEIS00OEFL5939791795,ZEIS,OEFL59397917
MBOB00WMTI5599514004,MBOB,WMTI55995140
YMXS00EFSD9093471553,YMXS,EFSD90934715
JSYS00FVKH4668810017,JSYS,FVKH46688100
RJUI00SGWG9060322752,RJUI,SGWG90603227
FKLY00ZGQA1569069011,FKLY,ZGQA15690690
IVNX00SHDL9479874702,IVNX,SHDL94798747
AZJZ00ZLIO1038065023,AZJZ,ZLIO10380650
PLJN00QJWX8272985995,PLJN,QJWX82729859
GSZH00SDPB2990693426,GSZH,SDPB29906934
VCBC00KZMP1790325613,VCBC,KZMP17903256
AFAA00DXES9167157215,AFAA,DXES91671572
QUQQ00EFMP5751792037,QUQQ,EFMP57517920
PPNF00DLHX2900186923,PPNF,DLHX29001869
XNHP00IFIS3534422985,XNHP,IFIS35344229
XUHO00IJIY2346229354,XUHO,IJIY23462293
FWLI00VPCD7657710909,FWLI,VPCD76577109
QPUW00SVYU9550373333,QPUW,SVYU95503733
TAXX00NWKT4857456344,TAXX,NWKT48574563
SXSU00EEXY4816637914,SXSU,EEXY48166379
WHVP00XENR3986780568,WHVP,XENR39867805
ODDP00RPRA6595232074,ODDP,RPRA65952320
JHUA00PGOL0829860786,JHUA,PGOL08298607
NNIL00LWLJ6356265480,NNIL,LWLJ63562654
PPNM00KMBH3357194652,PPNM,KMBH33571946
AIVA00XMMP7401499766,AIVA,XMMP74014997
XVPI00MTPX3829198679,XVPI,MTPX38291986
AZTC00ESCW0467773930,AZTC,ESCW04677739
FTFU00HRRD6136581737,FTFU,HRRD61365817
LFDG00LSZY6749925262,LFDG,LSZY67499252
OCVS00QMCS0413656212,OCVS,QMCS04136562
UKOZ00JUAU3905798662,UKOZ,JUAU39057986
AYVG00HJVG5579356307,AYVG,HJVG55793563
HUYQ00MBIM8509564841,HUYQ,MBIM85095648
NJXF00QVAO6830804538,NJXF,QVAO68308045
LSMX00RBDE5631721846,LSMX,RBDE56317218
ZBBM00PPTP2039169765,ZBBM,PPTP20391697
BTXA00XRGU5412366792,BTXA,XRGU54123667
AMMI00LHWX9881264551,AMMI,LHWX98812645
BEBR00ETQK1397033597,BEBR,ETQK13970335
LHPM00LZBO6460154877,LHPM,LZBO64601548
TURB00EPUK9512987505,TURB,EPUK95129875
ZDXJ00CMHM4682155507,ZDXJ,CMHM46821555
XWTT00MNLY0886856042,XWTT,MNLY08868560
RZAI00YIEV2360896071,RZAI,YIEV23608960
CZHY00GUWW0901322047,CZHY,GUWW09013220
ZKBG00XDTU6037972695,ZKBG,XDTU60379726
GNJC00DMTT2931359134,GNJC,DMTT29313591
MOMH00HAVH6790537289,MOMH,HAVH67905372
EDZC00LKNB5236256490,EDZC,LKNB52362564
BOQM00DJFJ2718501015,BOQM,DJFJ27185010
UNAH00ZSDR2364939468,UNAH,ZSDR23649394
FTBL00HQHC7492868912,FTBL,HQHC74928689
SNQU00CDAF3014126929,SNQU,CDAF30141269
FYPW00BZYX5040859630,FYPW,BZYX50408596
KRUR00CSCV6419125435,KRUR,CSCV64191254
IXJO00QYOD4245532438,IXJO,QYOD42455324
XWOB00AUIZ8026174549,XWOB,AUIZ80261745
AASI00YKNY9855021969,AASI,YKNY98550219
SBBQ00CWXC5400373434,SBBQ,CWXC54003734
AYOZ00HKJV6285825404,AYOZ,HKJV62858254
HRSL00JRXY2789312367,HRSL,JRXY27893123
UQQB00QRHN7273851965,UQQB,QRHN72738519
RLDZ00TOLR1550935167,RLDZ,TOLR15509351
FIXO00ECPD9417554214,FIXO,ECPD94175542
BXAZ00HPCG5539334309,BXAZ,HPCG55393343
ADFX00FVZP6394729740,ADFX,FVZP63947297
JMNU00MKBE7899583746,JMNU,MKBE78995837
BGOB00YPRR9535448008,BGOB,YPRR95354480
UFTH00DTEM2816593857,UFTH,DTEM28165938
LKKH00GUDU1917879675,LKKH,GUDU19178796
JGDM00ULDM7206391046,JGDM,ULDM72063910
SUQD00WSYB5212509229,SUQD,WSYB52125092
QFZI00NVKR0867805063,QFZI,NVKR08678050
HVRI00PZJP6631503414,HVRI,PZJP66315034
KBHO00FHSA4209459366,KBHO,FHSA42094593
HMMZ00GDKP3656049338,HMMZ,GDKP36560493
UXYP00BORE2543633638,UXYP,BORE25436336
USUB00IODS0006737455,USUB,IODS00067374
VQGU00EGZK6011271532,VQGU,EGZK60112715
COKG00OFGZ1345388541,COKG,OFGZ13453885
ZBXB00GETG0998114541,ZBXB,GETG09981145
VCMU00ZUZM2216844272,VCMU,ZUZM22168442
FUHQ00SHXO0951455031,FUHQ,SHXO09514550
IDFR00LKJC0777500669,IDFR,LKJC07775006
KTPK00LDGE4480696736,KTPK,LDGE44806967
GXSM00DXMO7673735650,GXSM,DXMO76737356
ARWB00GTJE6482385013,ARWB,GTJE64823850
JDGB00VICT7171526802,JDGB,VICT71715268
VEQK00DHGI5141480886,VEQK,DHGI51414808
NISE00URTD9761224125,NISE,URTD97612241
FBIC00UXRY6094433539,FBIC,UXRY60944335
OYQL00BWIR6144564242,OYQL,BWIR61445642
EFQN00MLJB0014993779,EFQN,MLJB00149937
JESO00DWHM6069219303,JESO,DWHM60692193
HNJP00VGKQ5263524588,HNJP,VGKQ52635245
AGCR00HDYX4411518180,AGCR,HDYX44115181
CYPE00SGMI1171059547,CYPE,SGMI11710595
RQCT00GSHN2118212033,RQCT,GSHN21182120
QKAC00RHMK5350446827,QKAC,RHMK53504468
WNMD00QQUX9693245753,WNMD,QQUX96932457
KWJN00RLJY9960844734,KWJN,RLJY99608447
IKVV00FMKJ8937905237,IKVV,FMKJ89379052
SATP00KFGI3571248585,SATP,KFGI35712485
PFOE00XOYL3657392698,PFOE,XOYL36573926
QULA00LXMX3131696808,QULA,LXMX31316968
AXHO00QZSU5494133983,AXHO,QZSU54941339
TIKJ00YPBT2846113245,TIKJ,YPBT28461132
SFGU00QYWA1921760510,SFGU,QYWA19217605
AYJJ00DMNA4317071048,AYJJ,DMNA43170710
YQYA00CRMD1465897118,YQYA,CRMD14658971
QVAS00SJNT5046390497,QVAS,SJNT50463904
GHOY00BLUE6816063894,GHOY,BLUE68160638
TBEL00MNGE5102363627,TBEL,MNGE51023636
ZBSP00ZRIX5424400265,ZBSP,ZRIX54244002
XWUH00KRHO1931905231,XWUH,KRHO19319052
TPXN00WNRJ7930673640,TPXN,WNRJ79306736
EVGG00ADTI3023025454,EVGG,ADTI30230254
ZCQL00WISI2091824810,ZCQL,WISI20918248
DWCL00ITOV3722677818,DWCL,ITOV37226778
BOLM00YFGQ0186979398,BOLM,YFGQ01869793
KIHG00XTRN9256323339,KIHG,XTRN92563233
VXLM00WLVL8671117033,VXLM,WLVL86711170
WTTS00GASU7840071321,WTTS,GASU78400713
ZNUW00DUWG0867318414,ZNUW,DUWG08673184
WIDJ00HQZO0072532718,WIDJ,HQZO00725327
FVUT00LZFI8981007707,FVUT,LZFI89810077
JPQW00UGLF9295014088,JPQW,UGLF92950140
DDLJ00WHQQ2317447449,DDLJ,WHQQ23174474
YICI00ULPD5232225540,YICI,ULPD52322255
RMVU00YLLC1034760858,RMVU,YLLC10347608
MUIQ00ERFN8208479648,MUIQ,ERFN82084796
SEOS00SSOS8548753489,SEOS,SSOS85487534
QLRH00GLLE0749467504,QLRH,GLLE07494675
IQIH00HEKU1964512942,IQIH,HEKU19645129
AZLN00SJOT5241795196,AZLN,SJOT52417951
YNKA00WAHV4317431039,YNKA,WAHV43174310
BLOA00WXXU0190704027,BLOA,WXXU01907040
OYRC00PMRP5046021142,OYRC,PMRP50460211
HNGR00TGFI0042112671,HNGR,TGFI00421126
MBXY00NOKA0678480003,MBXY,NOKA06784800
LMMJ00RBSO7015777442,LMMJ,RBSO70157774
DOFD00YNGN9324153274,DOFD,YNGN93241532
DDXG00SAFV8290249870,DDXG,SAFV82902498
QAXA00DGMD6308254057,QAXA,DGMD63082540
UZUA00CJYN6241067776,UZUA,CJYN62410677
CFLU00FPNV1276048466,CFLU,FPNV12760484
GOQO00FKHY0485225052,GOQO,FKHY04852250
JHHW00HOOG7055889309,JHHW,HOOG70558893
IMSK00HJYV8168683751,IMSK,HJYV81686837
CGXA00GHJH7821753583,CGXA,GHJH78217535
GIZS00WZVB6122212693,GIZS,WZVB61222126
LYKE00HLRB5108278748,LYKE,HLRB51082787
XFTQ00ANVA7496653811,XFTQ,ANVA74966538
DIJJ00LUEY9273920859,DIJJ,LUEY92739208
GCJG00UGNW0769347909,GCJG,UGNW07693479
SHBV00FNWT7346330255,SHBV,FNWT73463302
RDHV00COGD8686046974,RDHV,COGD86860469
LHMN00KHMM9765365938,LHMN,KHMM97653659
CIKP00AYZC6447867926,CIKP,AYZC64478679
JLJM00HQZI7682808471,JLJM,HQZI76828084
TQYT00YJKX5568016985,TQYT,YJKX55680169
FSFY00UNWL9134919251,FSFY,UNWL91349192
CMXR00FCTA0749535606,CMXR,FCTA07495356
TDEM00DRAL0902600685,TDEM,DRAL09026006
DKZJ00DDWW4528708937,DKZJ,DDWW45287089
NIWP00RGDY4986321065,NIWP,RGDY49863210
IOKB00HZCJ4303999852,IOKB,HZCJ43039998
RAYJ00APLZ7516935560,RAYJ,APLZ75169355
EYFB00CSIB4316187495,EYFB,CSIB43161874
CVNX00CVOW6043588909,CVNX,CVOW60435889
RUHK00DVZG9792666950,RUHK,DVZG97926669
PEDU00NPTQ9714521853,PEDU,NPTQ97145218
USOR00QNZU5014482016,USOR,QNZU50144820
CXCL00FMWY8058186292,CXCL,FMWY80581862
JGBB00PQEK2385456684,JGBB,PQEK23854566
AORU00JUQO7983869953,AORU,JUQO79838699
DNKN00XTFC3703409160,DNKN,XTFC37034091
IIND00PJQE3266803713,IIND,PJQE32668037
WIAK00KLDI8036649741,WIAK,KLDI80366497
EWJR00CBMR1610335113,EWJR,CBMR16103351
INME00RULT1050394778,INME,RULT10503947
XHDA00CTRT9776162398,XHDA,CTRT97761623
LHZW00XGUM9327599020,LHZW,XGUM93275990
CVLM00EAUD1973861710,CVLM,EAUD19738617
ZVPL00ISHU9952836891,ZVPL,ISHU99528368
UFKU00PMQE3266360891,UFKU,PMQE32663608
WTVB00TDEZ7711737510,WTVB,TDEZ77117375
ZGFP00BOVK6738448821,ZGFP,BOVK67384488
ZJLX00KIUN6114049019,ZJLX,KIUN61140490
PJZY00WTOY4844728911,PJZY,WTOY48447289
CEKB00ULCE4615546248,CEKB,ULCE46155462
YQDD00CTVZ4285037927,YQDD,CTVZ42850379
PYJW00TUUV5423276373,PYJW,TUUV54232763
YFNK00DIRQ9470295112,YFNK,DIRQ94702951
EQEI00POBW8604995358,EQEI,POBW86049953
XQOM00MNES9644399273,XQOM,MNES96443992
OSOX00UAXY6997889124,OSOX,UAXY69978891
XUIY00IFIK1551783492,XUIY,IFIK15517834
ODUH00JJXM2778272556,ODUH,JJXM27782725
PNCF00YJPO2340047956,PNCF,YJPO23400479
YIBX00IPKR6050524229,YIBX,IPKR60505242
KWAN00FAEZ5242984349,KWAN,FAEZ52429843
LMVX00FZSW9060445841,LMVX,FZSW90604458
NENP00UOPW2578724897,NENP,UOPW25787248
NHLG00PLGL4474813870,NHLG,PLGL44748138
WYUG00ZMEQ7496929596,WYUG,ZMEQ74969295
DRMQ00BPVC8972363910,DRMQ,BPVC89723639
LTEU00ZKJR5663680713,LTEU,ZKJR56636807
FGQL00UBBO0462537454,FGQL,UBBO04625374
AMVJ00WTQF0988938691,AMVJ,WTQF09889386
WGZV00CONP9331827944,WGZV,CONP93318279
GYDE00EZZX7675154773,GYDE,EZZX76751547
FQRV00OQDB5823129513,FQRV,OQDB58231295
YBQZ00SGPO5812718593,YBQZ,SGPO58127185
TYBR00QNHB0923107464,TYBR,QNHB09231074
EAEU00JUAG0267132262,EAEU,JUAG02671322
YVYU00XIZU6342453709,YVYU,XIZU63424537
SSNZ00WQLQ3367002941,SSNZ,WQLQ33670029
DTCV00KZDZ8818887281,DTCV,KZDZ88188872
FHID00DHXO0051930397,FHID,DHXO00519303
VMPZ00ZZXX0840381726,VMPZ,ZZXX08403817
IVSC00VKRK1305944492,IVSC,VKRK13059444
IBGA00GUZZ3846205274,IBGA,GUZZ38462052
FMOY00OTCP7503464045,FMOY,OTCP75034640
XOMU00RVAZ9078290007,XOMU,RVAZ90782900
IHWC00LSOA0316753470,IHWC,LSOA03167534
PNAS00QMXQ9660777740,PNAS,QMXQ96607777
VVZJ00NYQB5107655821,VVZJ,NYQB51076558
EYWP00DXTS7112998433,EYWP,DXTS71129984
PDMO00GKOU8662854811,PDMO,GKOU86628548
USLM00BZYV1048877438,USLM,BZYV10488774
ZAQQ00AISH0800586646,ZAQQ,AISH08005866
BIRZ00UPJP5118821437,BIRZ,UPJP51188214
VMIF00ONEK4378467862,VMIF,ONEK43784678
OKFO00ALYP8538850144,OKFO,ALYP85388501
QSBP00UCZR0526721057,QSBP,UCZR05267210
VLWP00WHEY8585022507,VLWP,WHEY85850225
TJXC00YFYJ9356519456,TJXC,YFYJ93565194
NVJE00TERA2782779466,NVJE,TERA27827794
FLZF00NVKG7859477054,FLZF,NVKG78594770
PNLK00FIQY6527531364,PNLK,FIQY65275313
XEKO00TFET0310765382,XEKO,TFET03107653
PFST00HPQD8213683733,PFST,HPQD82136837
LSJM00FHQD3982177021,LSJM,FHQD39821770
ULUQ00JXZP5213420204,ULUQ,JXZP52134202
YZKM00STPT1563317969,YZKM,STPT15633179
JZKY00PAPF2445350816,JZKY,PAPF24453508
JFPL00JOYD5607375684,JFPL,JOYD56073756
YABU00ZZZV4016245017,YABU,ZZZV40162450
QVII00NKKW9065802985,QVII,NKKW90658029
BBJT00ORVI8228548519,BBJT,ORVI82285485
PYKE00KFKC4943099794,PYKE,KFKC49430997
ZNZJ00QPKV7271631915,ZNZJ,QPKV72716319
LYOL00ATOJ7328681722,LYOL,ATOJ73286817
GZDP00CZZO9331993709,GZDP,CZZO93319937
PDAP00FBLE6467160534,PDAP,FBLE64671605
NRCM00ZQRK4599491150,NRCM,ZQRK45994911
IBGL00HBZN8835432335,IBGL,HBZN88354323
WLRZ00BBTA6572868527,WLRZ,BBTA65728685
DYWC00NZEW5166920154,DYWC,NZEW51669201
QXLR00WVAY9915124828,QXLR,WVAY99151248
WVFK00WEZN4077432261,WVFK,WEZN40774322
OVDP00EYLJ3441050193,OVDP,EYLJ34410501
DCUQ00LNHA8278157944,DCUQ,LNHA82781579
DMMD00VYSF9265656406,DMMD,VYSF92656564
XHJA00MSEC2268310202,XHJA,MSEC22683102
IXED00UHBN8260834726,IXED,UHBN82608347
QWVM00PLGH1603827015,QWVM,PLGH16038270
LVTO00JNOP4680502984,LVTO,JNOP46805029
JCCD00XDBB7009239629,JCCD,XDBB70092396
EHXU00HJZE2464233294,EHXU,HJZE24642332
LTOL00RZWO9924106946,LTOL,RZWO99241069
VWSR00XGYX8867422402,VWSR,XGYX88674224
SVVW00ZHYJ4288543459,SVVW,ZHYJ42885434
EXOB00RGPW7872239913,EXOB,RGPW78722399
BZRV00ZDKR6214549607,BZRV,ZDKR62145496
ERVP00QKMO3503192524,ERVP,QKMO35031925
LPIT00HXAL5024036706,LPIT,HXAL50240367
BGJQ00CTDG7037688080,BGJQ,CTDG70376880
DKYL00YCGD4775164376,DKYL,YCGD47751643
COKU00TPEE5035000670,COKU,TPEE50350006
DQLW00SJWA2160547293,DQLW,SJWA21605472
EHZA00PEOL5127460860,EHZA,PEOL51274608
FRSX00TSDM0321697070,FRSX,TSDM03216970
SBBY00QAFB4817212910,SBBY,QAFB48172129
QKMD00CCFO6116681649,QKMD,CCFO61166816
YQAC00PFIV3545046712,YQAC,PFIV35450467
WOBJ00DMNX5590898148,WOBJ,DMNX55908981
ZGUS00UTIH4709453573,ZGUS,UTIH47094535
GQDP00VNXL9241207036,GQDP,VNXL92412070
GAKI00IVHO6704644475,GAKI,IVHO67046444
VHIG00HZAT7008157994,VHIG,HZAT70081579
CZQB00PAIA5074587530,CZQB,PAIA50745875
XEDM00GHPL2227898495,XEDM,GHPL22278984
RCOA00VTGP8033125117,RCOA,VTGP80331251
HHKH00RLSH9398350926,HHKH,RLSH93983509
OIFO00QCTE9454927007,OIFO,QCTE94549270
ORIY00PBAL3342415668,ORIY,PBAL33424156
PNCM00YICQ6797755509,PNCM,YICQ67977555
PKFK00IMDL7072138449,PKFK,IMDL70721384
VERD00OQPB5763874204,VERD,OQPB57638742
IQSO00SSKX2977182656,IQSO,SSKX29771826
CBXD00CVSY7743978235,CBXD,CVSY77439782
WVDQ00TSKU6650260985,WVDQ,TSKU66502609
ESTI00MDES6220307102,ESTI,MDES62203071
TYIE00BWAD1204370531,TYIE,BWAD12043705
ACRV00EPYE8462573914,ACRV,EPYE84625739
SSCQ00DAMM1358213257,SSCQ,DAMM13582132
QTKD00DINR3552090889,QTKD,DINR35520908
BQDF00JUFY3048910238,BQDF,JUFY30489102
LINC00PTCB2101285766,LINC,PTCB21012857
TWPV00WJDD0445409365,TWPV,WJDD04454093
OLXW00EUCO7686905637,OLXW,EUCO76869056
AWOA00BWEF2344800696,AWOA,BWEF23448006
FVIE00DFPV7208844838,FVIE,DFPV72088448
CVMM00SOQL3163163691,CVMM,SOQL31631636
RRTD00AJLN7013915385,RRTD,AJLN70139153
VZYW00QVDG0055149627,VZYW,QVDG00551496
YGLA00LSWU8707261402,YGLA,LSWU87072614
AIFQ00PRDN8267473679,AIFQ,PRDN82674736
OMHV00QIAN7477925881,OMHV,QIAN74779258
COWO00YBRT7542600011,COWO,YBRT75426000
CWSF00BAQS5743241173,CWSF,BAQS57432411
RROB00KJJW1743707203,RROB,KJJW17437072
NKED00JLET2597741608,NKED,JLET25977416
NKIC00RJHI0688215197,NKIC,RJHI06882151
RXLR00LDPV5382117853,RXLR,LDPV53821178
ONNL00DEFT1297861017,ONNL,DEFT12978610
WAYR00GDTB2148850131,WAYR,GDTB21488501
EXWL00TEYH6776082408,EXWL,TEYH67760824
AGPC00GHHZ1346755664,AGPC,GHHZ13467556
FMUU00UKKI6686930748,FMUU,UKKI66869307
TFGC00HKPL5609684086,TFGC,HKPL56096840
QOSV00TQYA3187564654,QOSV,TQYA31875646
BTNA00YQSH6036986348,BTNA,YQSH60369863
ZITD00VWAW4872967663,ZITD,VWAW48729676
ZBSY00RJNG9567291578,ZBSY,RJNG95672915
OVJW00ZWGE1222956815,OVJW,ZWGE12229568
RVAF00UELA8237467644,RVAF,UELA82374676
NHEU00WSNM3330126071,NHEU,WSNM33301260
EBCG00GCMP4991896949,EBCG,GCMP49918969
ETVA00ECCA4726446624,ETVA,ECCA47264466
RGZJ00VXZD9570078902,RGZJ,VXZD95700789
WYVO00XEGS9929624153,WYVO,XEGS99296241
JBTB00UECE1212918419,JBTB,UECE12129184
QQZS00XXSA9167857311,QQZS,XXSA91678573
JBMW00HUJY6687456785,JBMW,HUJY66874567
QETK00DPUQ9523558725,QETK,DPUQ95235587
DETJ00ZBUZ7636634792,DETJ,ZBUZ76366347
XFGD00MLCU7134657304,XFGD,MLCU71346573
DMTR00OEOL2686004989,DMTR,OEOL26860049
XUCV00HOSX6558360485,XUCV,HOSX65583604
CRZI00IBCV7714259977,CRZI,IBCV77142599
EGKI00CCXF9119584655,EGKI,CCXF91195846
GYRR00TXTX7596438323,GYRR,TXTX75964383
WJDL00LQRV1437962603,WJDL,LQRV14379626
XSHC00WLPZ2809195166,XSHC,WLPZ28091951
JXJS00EIUY7229027144,JXJS,EIUY72290271
WZZZ00NZZD2584481476,WZZZ,NZZD25844814
WTPY00KBVD6891458022,WTPY,KBVD68914580
TRDA00PLPH3562494756,TRDA,PLPH35624947
NLDB00ZWEC4562889764,NLDB,ZWEC45628897
ENNF00JKNP8267318049,ENNF,JKNP82673180
TORI00HXTA3087011690,TORI,HXTA30870116
UBMS00YYRA4300399930,UBMS,YYRA43003999
REAR00DRGV2968162140,REAR,DRGV29681621
DKAZ00BTPX4225520309,DKAZ,BTPX42255203
OBYC00UNGW7320037768,OBYC,UNGW73200377
YZQV00MYEI5038412616,YZQV,MYEI50384126
TLNG00IJDJ9654725284,TLNG,IJDJ96547252
LKRO00LTKZ6088424468,LKRO,LTKZ60884244
YHNW00SGQA1773969261,YHNW,SGQA17739692
PHUM00BGOQ6172961108,PHUM,BGOQ61729611
ECBC00VJNB6355594209,ECBC,VJNB63555942
EZNQ00PRBT9618555107,EZNQ,PRBT96185551
DAUT00CGIH5615751396,DAUT,CGIH56157513
QLZU00VWMK6091693617,QLZU,VWMK60916936
BVID00SBKV9629756987,BVID,SBKV96297569
RLGA00SETS0222661643,RLGA,SETS02226616
LSEL00OWRZ3946666045,LSEL,OWRZ39466660
JQXR00WWUU2268815591,JQXR,WWUU22688155
JWHL00AHRN9347034440,JWHL,AHRN93470344
TEMY00NZCQ3414042217,TEMY,NZCQ34140422
HGRK00DCMX2287873459,HGRK,DCMX22878734
XVRW00RBRH5578067225,XVRW,RBRH55780672
NQVJ00BWOH9360019539,NQVJ,BWOH93600195
LCHA00IMMV9217212627,LCHA,IMMV92172126
DNIH00ATTU8249566013,DNIH,ATTU82495660
ILNJ00NTOH8154922724,ILNJ,NTOH81549227
HRYC00ZGKI1223083320,HRYC,ZGKI12230833
VWWZ00RXKR2381805952,VWWZ,RXKR23818059
WDDN00JJAG1600172073,WDDN,JJAG16001720
DMNB00ZYOT0926635827,DMNB,ZYOT09266358
ROGB00QOVT7769579435,ROGB,QOVT77695794
KMVO00XFDY5396929688,KMVO,XFDY53969296
STBH00QDBS8464468657,STBH,QDBS84644686
NFUJ00JVFC2009027931,NFUJ,JVFC20090279
HDWB00CURS5591854727,HDWB,CURS55918547
VUSB00XSSL6253254475,VUSB,XSSL62532544
FZBC00VTYC8564796491,FZBC,VTYC85647964
UGLN00DYAN7449853332,UGLN,DYAN74498533
AKBQ00SIGG7954806544,AKBQ,SIGG79548065
LPVU00PQOF6735775862,LPVU,PQOF67357758
PDEW00YLIK9980169532,PDEW,YLIK99801695
OQYB00POPQ8771606606,OQYB,POPQ87716066
NWFY00JNFQ4734632748,NWFY,JNFQ47346327
AQII00QSMY4833323381,AQII,QSMY48333233
HNWF00ZBNY3272729351,HNWF,ZBNY32727293
LJTB00PTCS0933141717,LJTB,PTCS09331417
LVQJ00VYNH0140803308,LVQJ,VYNH01408033
FMRB00GPVH6484594386,FMRB,GPVH64845943
YSOS00SDSF3404176610,YSOS,SDSF34041766
KMEP00IIPR7904235927,KMEP,IIPR79042359
RTVU00XRYB5519424205,RTVU,XRYB55194242
VPOI00OWNC7917598354,VPOI,OWNC79175983
TGLF00BZEN7877184311,TGLF,BZEN78771843
HXUG00WCMF7249119853,HXUG,WCMF72491198
WIAJ00ZQFK2158963491,WIAJ,ZQFK21589634
ZPMB00RCYI6407889657,ZPMB,RCYI64078896
LGVE00ZRGI9659356897,LGVE,ZRGI96593568
TTBB00OCFB3746248351,TTBB,OCFB37462483
ROJK00TKSI4979275478,ROJK,TKSI49792754
MLNO00BAUK8297979236,MLNO,BAUK82979792
MYKN00GDYJ1489765651,MYKN,GDYJ14897656
QWMW00VDAT5316838543,QWMW,VDAT53168385
POPY00GNAY8577899180,POPY,GNAY85778991
ODFF00CLUT0653731779,ODFF,CLUT06537317
IUWT00BURA6898149238,IUWT,BURA68981492
VGPO00XCXK1647586561,VGPO,XCXK16475865
FQFU00KZMU1261922981,FQFU,KZMU12619229
ENAK00UCHU8254115718,ENAK,UCHU82541157
HRKJ00GEML9990410475,HRKJ,GEML99904104
VJJW00KSUD9788325030,VJJW,KSUD97883250
OSHD00MHHU4509126505,OSHD,MHHU45091265
SDKA00AVES9234748583,SDKA,AVES92347485
VCRU00ICUF3242399715,VCRU,ICUF32423997
DCIL00PKYL8129423248,DCIL,PKYL81294232
FUWX00EBKN3762050333,FUWX,EBKN37620503
UILD00BYAW6318977640,UILD,BYAW63189776
DIII00VMXP8037735277,DIII,VMXP80377352
DTTW00CVEF3605694037,DTTW,CVEF36056940
LHFD00XDNC6931978744,LHFD,XDNC69319787
HKFT00WXIM5922196440,HKFT,WXIM59221964
KXWX00FYCR4417638993,KXWX,FYCR44176389
ZXTC00YUVQ3507099075,ZXTC,YUVQ35070990
ZOEJ00GBPD8953676924,ZOEJ,GBPD89536769
QNCT00OGSH9940959145,QNCT,OGSH99409591
FLWQ00NRRE7882168660,FLWQ,NRRE78821686
LPTS00URML0194833768,LPTS,URML01948337
NVQZ00IVLE6369744038,NVQZ,IVLE63697440
OSWJ00WPXB6426608363,OSWJ,WPXB64266083
DRXX00XLKA6378823859,DRXX,XLKA63788238
UEOL00QUPT0100004678,UEOL,QUPT01000046
ZIUK00WZZH6851901027,ZIUK,WZZH68519010
LTJX00RUPR9170397263,LTJX,RUPR91703972
YCBS00WWBQ0255163662,YCBS,WWBQ02551636
LNWD00GEQY0483751710,LNWD,GEQY04837517
QJZC00LZKY2208755759,QJZC,LZKY22087557
IGPA00NYHU4892934307,IGPA,NYHU48929343
MHZV00TXXO9931704655,MHZV,TXXO99317046
ZTJB00AJLP5882920020,ZTJB,AJLP58829200
QKET00MKAN8585488337,QKET,MKAN85854883
XPZB00QBOZ7976400128,XPZB,QBOZ79764001
TNRY00DPCR4191054131,TNRY,DPCR41910541
DOKY00EXXH6402606054,DOKY,EXXH64026060
RQXM00XLCK0996444660,RQXM,XLCK09964446
ZPUL00GETR3848916010,ZPUL,GETR38489160
WLWG00JLXS7676327168,WLWG,JLXS76763271
XNZY00MKWC0514801264,XNZY,MKWC05148012
NZTY00CKRD9583280526,NZTY,CKRD95832805
QMNN00RAHZ2416801103,QMNN,RAHZ24168011
QWRY00KAPQ4851647850,QWRY,KAPQ48516478
YDDX00TBWW4140866824,YDDX,TBWW41408668
XHKX00APPH5056507355,XHKX,APPH50565073
LALZ00LPBE3787734472,LALZ,LPBE37877344
MSMQ00JGEN2464932220,MSMQ,JGEN24649322
MZSD00HKXX9334020595,MZSD,HKXX93340205
MQJY00LFVY8250223122,MQJY,LFVY82502231
RZYJ00ZIVK1293917917,RZYJ,ZIVK12939179
VWLQ00WLDL4481775792,VWLQ,WLDL44817757
KUMR00BZEG2751757690,KUMR,BZEG27517576
ZOGE00TQHN1234897735,ZOGE,TQHN12348977
YRXJ00TMHF3033462528,YRXJ,TMHF30334625
WGRT00PCTU9649074126,WGRT,PCTU96490741
WTBI00HGIZ2127490079,WTBI,HGIZ21274900
HBKL00XYTA6837883123,HBKL,XYTA68378831
AZOY00GEEE4739496030,AZOY,GEEE47394960
FMJA00WXOT5257924894,FMJA,WXOT52579248
BHSG00TVNT9727364778,BHSG,TVNT97273647
MZYC00PYBA5181853960,MZYC,PYBA51818539
CWCG00UVZD6816542360,CWCG,UVZD68165423
UZHB00EZZX7837313357,UZHB,EZZX78373133
MBQJ00FPTB4168616489,MBQJ,FPTB41686164
ZYXJ00OOPS0220857093,ZYXJ,OOPS02208570
BUWG00VEWR4795950670,BUWG,VEWR47959506
AHAX00XDZI3735191021,AHAX,XDZI37351910
MNVK00PXOQ2302867750,MNVK,PXOQ23028677
HFSA00IPKB4658832420,HFSA,IPKB46588324
UYQF00EYHB1867905846,UYQF,EYHB18679058
BKHC00IEMQ7280241103,BKHC,IEMQ72802411
QZIJ00UNUM0515552515,QZIJ,UNUM05155525
XNKO00CPAO9730014308,XNKO,CPAO97300143
GDJY00ZTXX3475754679,GDJY,ZTXX34757546
ZQIP00UWQN1937104607,ZQIP,UWQN19371046
EZDA00DQTE5916759252,EZDA,DQTE59167592
RDOT00UORV4781395339,RDOT,UORV47813953
ANWN00HJGT5874111676,ANWN,HJGT58741116
SUFM00BHVV1753588163,SUFM,BHVV17535881
YXXO00EQUN5276061037,YXXO,EQUN52760610
YLMF00RMYM4492069130,YLMF,RMYM44920691
JTLJ00YUBA7573264811,JTLJ,YUBA75732648
HZPH00HUWN9294955151,HZPH,HUWN92949551
NMJO00NPIH4276406356,NMJO,NPIH42764063
VGGN00MURQ0240319226,VGGN,MURQ02403192
MLXR00SSOL4532403448,MLXR,SSOL45324034
TFSW00ZMTF0842425205,TFSW,ZMTF08424252
ZEAP00WAAR6485797902,ZEAP,WAAR64857979
VXFU00TRDG4753155498,VXFU,TRDG47531554
JJFX00ZFLX5140461794,JJFX,ZFLX51404617
SEPF00JESX7688695553,SEPF,JESX76886955
UQVC00EBKW5582222238,UQVC,EBKW55822222
GLXV00AMTY4747207673,GLXV,AMTY47472076
UYPO00ERHI0679900652,UYPO,ERHI06799006
SRII00KEXO3102118145,SRII,KEXO31021181
HITJ00MYQJ4179836724,HITJ,MYQJ41798367
DPMN00VTMI3288156775,DPMN,VTMI32881567
UWYV00CDMY1058049160,UWYV,CDMY10580491
WTPA00TVVR7220702145,WTPA,TVVR72207021
BMQB00EPMJ9253034569,BMQB,EPMJ92530345
DULO00KPKL4672802614,DULO,KPKL46728026
JDQT00BERA4367802302,JDQT,BERA43678023
OJMM00KNLW4313310648,OJMM,KNLW43133106
EBJM00MYLX9444991020,EBJM,MYLX94449910
FEVP00KUXC0957317865,FEVP,KUXC09573178
SEHP00TTIA8057072523,SEHP,TTIA80570725
YYEF00WQJQ4902079045,YYEF,WQJQ49020790
USFB00VDLI6706101382,USFB,VDLI67061013
VYNB00NIOB7465864974,VYNB,NIOB74658649
MWWC00FUQH5987040789,MWWC,FUQH59870407
BDAW00HUSC1898490696,BDAW,HUSC18984906
LKWJ00BUWX6427112495,LKWJ,BUWX64271124
TEQR00QDWC5554673244,TEQR,QDWC55546732
PHSF00DFKB5286189212,PHSF,DFKB52861892
JJTK00RXHD5711375530,JJTK,RXHD57113755
HETP00PCTL2053996764,HETP,PCTL20539967
ESJW00NFVJ1989884232,ESJW,NFVJ19898842
RNWG00MBVE9138879559,RNWG,MBVE91388795
NPNA00RTDC4057697405,NPNA,RTDC40576974
JOPW00LEHU5416251552,JOPW,LEHU54162515
IXLV00XMQA0845172779,IXLV,XMQA08451727
WPTJ00GIBH6630304570,WPTJ,GIBH66303045
IPWB00EKPT7909639765,IPWB,EKPT79096397
ZIWK00RMYK0437353086,ZIWK,RMYK04373530
LBWK00NTTN8660815078,LBWK,NTTN86608150
CMKS00DDGY3750777192,CMKS,DDGY37507771
FTXP00IGYS6695272764,FTXP,IGYS66952727
RUOZ00DRCM4949854060,RUOZ,DRCM49498540
NPEC00BTVV5191769041,NPEC,BTVV51917690
OWPS00TQVE9625887178,OWPS,TQVE96258871
UETI00AEWU8033042476,UETI,AEWU80330424
QOSF00MPOG5440386762,QOSF,MPOG54403867
TLHU00ACHC1116963805,TLHU,ACHC11169638
TAAK00VQGL7028637315,TAAK,VQGL70286373
XLJL00IMDD1377278530,XLJL,IMDD13772785
WVRM00APNF8749954240,WVRM,APNF87499542
IROL00WKIC6417719982,IROL,WKIC64177199
AMNH00AHQB9688724763,AMNH,AHQB96887247
WBVM00SVAN3154371724,WBVM,SVAN31543717
KBFU00UYZP6309328455,KBFU,UYZP63093284
YMOD00DXNS0760654680,YMOD,DXNS07606546
FCSS00BPVG5887102844,FCSS,BPVG58871028
BLBT00DOZU7839505175,BLBT,DOZU78395051
ZDFD00KPRT2162394336,ZDFD,KPRT21623943
APUB00JFRB9906143688,APUB,JFRB99061436
MRNO00NCYJ1701804446,MRNO,NCYJ17018044
WKQG00CRYG2013121951,WKQG,CRYG20131219
WXAJ00RUZU5974639975,WXAJ,RUZU59746399
UZJI00DXUI1753874171,UZJI,DXUI17538741
OHHH00MADE1745951473,OHHH,MADE17459514
OBTV00TRCZ3669748317,OBTV,TRCZ36697483
CNVF00IULR3537206826,CNVF,IULR35372068
IPPR00YJWW0346561929,IPPR,YJWW03465619
KLEK00QMET1848021905,KLEK,QMET18480219
OEGA00DQWP8791868368,OEGA,DQWP87918683
XCGH00YJNT7571695903,XCGH,YJNT75716959
QSEF00UGKS4802614315,QSEF,UGKS48026143
ZOTQ00ZNZX1045352275,ZOTQ,ZNZX10453522
DAFH00OIJJ0711103595,DAFH,OIJJ07111035
ATSK00GOIW1907881781,ATSK,GOIW19078817
OFCF00ASHF8829617480,OFCF,ASHF88296174
RWAT00EKVO6129217498,RWAT,EKVO61292174
CWZT00OUVY0905611177,CWZT,OUVY09056111
XETU00FAOZ9969453825,XETU,FAOZ99694538
UIFQ00MRBI9437051284,UIFQ,MRBI94370512
GSAO00EYYP6867847246,GSAO,EYYP68678472
VBTB00QRRK0205099172,VBTB,QRRK02050991
TOHV00UEHD2065918253,TOHV,UEHD20659182
KUNC00SOLU6589785838,KUNC,SOLU65897858
NMTC00XPZD3504953553,NMTC,XPZD35049535
WDJE00VNMO5015383104,WDJE,VNMO50153831
UKQX00WTRS0550223291,UKQX,WTRS05502232
JHLP00HJFH6524436989,JHLP,HJFH65244369
QEWI00LJBE2922165307,QEWI,LJBE29221653
RJXD00QMJD5246779315,RJXD,QMJD52467793
TOPZ00WFCE9936293697,TOPZ,WFCE99362936
DLYI00LLKE1107945740,DLYI,LLKE11079457
FRTQ00HYCF0613675456,FRTQ,HYCF06136754
BXHU00NFPP6886679086,BXHU,NFPP68866790
ODEH00QSMQ5417705352,ODEH,QSMQ54177053
VFYY00ESUX1308555683,VFYY,ESUX13085556
GNRP00BQGZ7260171821,GNRP,BQGZ72601718
VGJQ00TJIP5455639719,VGJQ,TJIP54556397
WWZZ00YPFH4412886763,WWZZ,YPFH44128867
IWSZ00ASRK6640274995,IWSZ,ASRK66402749
DMAS00VIVT6664673955,DMAS,VIVT66646739
IWCU00WDFK4547195920,IWCU,WDFK45471959
IBOG00RNRI7356169182,IBOG,RNRI73561691
QXAM00MCYB1448619956,QXAM,MCYB14486199
LSRH00SLUF1501660248,LSRH,SLUF15016602
XXZW00RZPW0414093622,XXZW,RZPW04140936
WOLW00GMJM5433959941,WOLW,GMJM54339599
LLHJ00JZWJ9882924348,LLHJ,JZWJ98829243
KOSC00PTFW3093706369,KOSC,PTFW30937063
RXRP00YRQZ6865342376,RXRP,YRQZ68653423
KHZY00ETWU0440941186,KHZY,ETWU04409411
MSXN00PWAE1900604694,MSXN,PWAE19006046
PTZZ00ANDQ7202924193,PTZZ,ANDQ72029241
GJXN00RNTJ1741550321,GJXN,RNTJ17415503
PHQQ00XINI0882911337,PHQQ,XINI08829113
YTIU00AZMT8675795527,YTIU,AZMT86757955
ECSA00DRTL9236453383,ECSA,DRTL92364533
PCVC00XANJ0813475825,PCVC,XANJ08134758
NVQI00NFJZ1482404447,NVQI,NFJZ14824044
FYEI00FHLN7996167011,FYEI,FHLN79961670
MBMN00VVFH5384152172,MBMN,VVFH53841521
TXHY00ASBH5633343512,TXHY,ASBH56333435
EXRW00QJTS6287788309,EXRW,QJTS62877883
QNJP00AXDZ9227628954,QNJP,AXDZ92276289
EHGL00GHAQ8193221464,EHGL,GHAQ81932214
FKFZ00FAEL1957138122,FKFZ,FAEL19571381
GEDT00PQOP1853692961,GEDT,PQOP18536929
KXGV00WXAQ1624710315,KXGV,WXAQ16247103
BLGE00SKWU0622773477,BLGE,SKWU06227734
AWTC00MWWL2748187987,AWTC,MWWL27481879
JXDR00WYBO6400669541,JXDR,WYBO64006695
DKGO00JQXF0027136649,DKGO,JQXF00271366
OOBY00UXLI5185425732,OOBY,UXLI51854257
EKYW00CABK2889637694,EKYW,CABK28896376
DFML00TZLC2123459033,DFML,TZLC21234590
UZOZ00WWMG1614209638,UZOZ,WWMG16142096
JWDT00CABM6064772720,JWDT,CABM60647727
SPGK00EQXH9461509670,SPGK,EQXH94615096
TNUG00OMSE6451443938,TNUG,OMSE64514439
KWFJ00XQKG7857709363,KWFJ,XQKG78577093
XPDB00CPYP4529035635,XPDB,CPYP45290356
COKV00ZOJQ0705989738,COKV,ZOJQ07059897
BMKZ00NCSR5005356428,BMKZ,NCSR50053564
NKFT00XGQL1710977729,NKFT,XGQL17109777
OLOO00MAAY3546165479,OLOO,MAAY35461654
JRDI00SDUW5971903410,JRDI,SDUW59719034
KRSO00NHTR5512682164,KRSO,NHTR55126821
FXKA00FBSF6510298891,FXKA,FBSF65102988
KPQC00LQWB3432000056,KPQC,LQWB34320000
ATNH00XOEB8512716672,ATNH,XOEB85127166
KDQT00GIFO8558714987,KDQT,GIFO85587149
WGDM00AQJY1934607958,WGDM,AQJY19346079
AWDD00PUSR1997745603,AWDD,PUSR19977456
MEBZ00HEKY9867586704,MEBZ,HEKY98675867
PMDD00DATB9364479095,PMDD,DATB93644790
LJUW00AKBY2962329524,LJUW,AKBY29623295
RLLO00ZRPE8441181781,RLLO,ZRPE84411817
PRYV00XNNU0559012395,PRYV,XNNU05590123
VVZT00OZSS1620747998,VVZT,OZSS16207479
SHLP00EIOZ9574711003,SHLP,EIOZ95747110
VQYX00LUWA0288467528,VQYX,LUWA02884675
RBYB00FXBV2020990721,RBYB,FXBV20209907
HMIH00STMD1850366227,HMIH,STMD18503662
YYGR00NUGU3564070410,YYGR,NUGU35640704
VXXF00HVJM0889294844,VXXF,HVJM08892948
VDWZ00LIKS2176810635,VDWZ,LIKS21768106
DFGP00ZZUV0606878531,DFGP,ZZUV06068785
OFAG00ADLH0792032278,OFAG,ADLH07920322
JFQP00WEBC4924839379,JFQP,WEBC49248393
VYOE00VNIR9501914437,VYOE,VNIR95019144
RWSD00LASC0695166821,RWSD,LASC06951668
DYZB00REGN4235540647,DYZB,REGN42355406
PEWP00PQSA8477186326,PEWP,PQSA84771863
BLID00UTXO0882890574,BLID,UTXO08828905
YEKN00UQBH8218074567,YEKN,UQBH82180745
SGUX00HJVU2666983062,SGUX,HJVU26669830
RLKB00GFJL7234159885,RLKB,GFJL72341598
RWRJ00JFCM2300010334,RWRJ,JFCM23000103
FBUX00TZQB6316851996,FBUX,TZQB63168519
OQVH00NQDG1942170061,OQVH,NQDG19421700
TNSF00TCJJ9233873190,TNSF,TCJJ92338731
SZKE00YEIQ2645833160,SZKE,YEIQ26458331
YCJM00LHKI7554631144,YCJM,LHKI75546311
CABN00LSQR5929883883,CABN,LSQR59298838
QCUQ00NGOO6877376357,QCUQ,NGOO68773763
IDRH00RQRW6372253680,IDRH,RQRW63722536
ONCP00JFDY8102657295,ONCP,JFDY81026572
BZMA00WDMJ5036850105,BZMA,WDMJ50368501
AUXM00XWLD4155526714,AUXM,XWLD41555267
QJEW00PNVW4905157850,QJEW,PNVW49051578
GLOO00PMFZ7503624538,GLOO,PMFZ75036245
CHJD00VTZW1085082011,CHJD,VTZW10850820
KEDU00LSCJ5032384770,KEDU,LSCJ50323847
SCKP00ABDD3889816123,SCKP,ABDD38898161
MGEL00JECJ8897590258,MGEL,JECJ88975902
QDQA00GYGE0216543702,QDQA,GYGE02165437
PHYG00IBKQ3840235637,PHYG,IBKQ38402356
JOAJ00MEZB5009772211,JOAJ,MEZB50097722
JMZN00EDMC4805785086,JMZN,EDMC48057850
